"../../../Engine/Content/EngineResources/GradientTexture0.uasset" 0
"../../../Engine/Content/EngineResources/GradientTexture0.uexp" 1
"../../../Engine/Content/EngineResources/Black.uasset" 2
"../../../Engine/Content/EngineResources/Black.uexp" 3
"../../../Engine/Content/EditorResources/S_Actor.ubulk" 4
"../../../Engine/Content/EditorResources/S_Actor.uasset" 5
"../../../Engine/Content/EditorResources/S_Actor.uexp" 6
"../../../Engine/Plugins/2D/Paper2D/Content/PlaceholderTextures/DummySpriteTexture.ubulk" 7
"../../../Engine/Plugins/2D/Paper2D/Content/PlaceholderTextures/DummySpriteTexture.uasset" 8
"../../../Engine/Plugins/2D/Paper2D/Content/PlaceholderTextures/DummySpriteTexture.uexp" 9
"../../../Engine/Plugins/2D/Paper2D/Content/DummySprite.uasset" 10
"../../../Engine/Plugins/2D/Paper2D/Content/DummySprite.uexp" 11
"../../../Engine/Plugins/2D/Paper2D/Content/DefaultPaperTerrainMaterial.uasset" 12
"../../../Engine/Plugins/2D/Paper2D/Content/DefaultPaperTerrainMaterial.uexp" 13
"../../../Engine/Plugins/NNE/NNEDenoiser/Content/NNEDTOM_Output_Default.uasset" 14
"../../../Engine/Plugins/NNE/NNEDenoiser/Content/NNEDTOM_Output_Default.uexp" 15
"../../../Engine/Plugins/NNE/NNEDenoiser/Content/NNEDTOM_Output_Alpha.uasset" 16
"../../../Engine/Plugins/NNE/NNEDenoiser/Content/NNEDTOM_Output_Alpha.uexp" 17
"../../../Engine/Plugins/NNE/NNEDenoiser/Content/NNEDTIM_ColorAlbedoNormal_Default.uasset" 18
"../../../Engine/Plugins/NNE/NNEDenoiser/Content/NNEDTIM_ColorAlbedoNormal_Default.uexp" 19
"../../../Engine/Plugins/NNE/NNEDenoiser/Content/NNEDTIM_ColorAlbedoNormal_Alpha.uasset" 20
"../../../Engine/Plugins/NNE/NNEDenoiser/Content/NNEDTIM_ColorAlbedoNormal_Alpha.uexp" 21
"../../../Engine/Plugins/NNE/NNEDenoiser/Content/NNEDOM_Output_Default.uasset" 22
"../../../Engine/Plugins/NNE/NNEDenoiser/Content/NNEDOM_Output_Default.uexp" 23
"../../../Engine/Plugins/NNE/NNEDenoiser/Content/NNEDOM_Output_Alpha.uasset" 24
"../../../Engine/Plugins/NNE/NNEDenoiser/Content/NNEDOM_Output_Alpha.uexp" 25
"../../../Engine/Plugins/NNE/NNEDenoiser/Content/NNEDIM_HighQuality_Default.uasset" 26
"../../../Engine/Plugins/NNE/NNEDenoiser/Content/NNEDIM_HighQuality_Default.uexp" 27
"../../../Engine/Plugins/NNE/NNEDenoiser/Content/NNEDIM_HighQuality_Alpha.uasset" 28
"../../../Engine/Plugins/NNE/NNEDenoiser/Content/NNEDIM_HighQuality_Alpha.uexp" 29
"../../../Engine/Plugins/NNE/NNEDenoiser/Content/NNEDIM_ColorAlbedoNormal_Default.uasset" 30
"../../../Engine/Plugins/NNE/NNEDenoiser/Content/NNEDIM_ColorAlbedoNormal_Default.uexp" 31
"../../../Engine/Plugins/NNE/NNEDenoiser/Content/NNEDIM_ColorAlbedoNormal_Alpha.uasset" 32
"../../../Engine/Plugins/NNE/NNEDenoiser/Content/NNEDIM_ColorAlbedoNormal_Alpha.uexp" 33
"../../../Engine/Content/Functions/Engine_MaterialFunctions02/WorldPositionOffset/CameraOffset.uasset" 34
"../../../Engine/Content/Functions/Engine_MaterialFunctions02/WorldPositionOffset/CameraOffset.uexp" 35
"../../../Engine/Plugins/Animation/ControlRig/Content/M_Manip.uasset" 36
"../../../Engine/Plugins/Animation/ControlRig/Content/M_Manip.uexp" 37
"../../../Engine/Content/Functions/Engine_MaterialFunctions02/Utility/CameraDirectionVector.uasset" 38
"../../../Engine/Content/Functions/Engine_MaterialFunctions02/Utility/CameraDirectionVector.uexp" 39
"../../../Engine/Content/EngineDebugMaterials/VolumeToRender.uasset" 40
"../../../Engine/Content/EngineDebugMaterials/VolumeToRender.uexp" 41
"../../../Engine/Content/EngineDebugMaterials/M_VolumeRenderSphereTracePP.uasset" 42
"../../../Engine/Content/EngineDebugMaterials/M_VolumeRenderSphereTracePP.uexp" 43
"../../../Engine/Content/EngineDebugMaterials/M_SimpleUnlitTranslucent.uasset" 44
"../../../Engine/Content/EngineDebugMaterials/M_SimpleUnlitTranslucent.uexp" 45
"../../../Engine/Content/EngineDebugMaterials/DebugMeshMaterial.uasset" 46
"../../../Engine/Content/EngineDebugMaterials/DebugMeshMaterial.uexp" 47
"../../../Engine/Content/EngineDebugMaterials/DebugEditorMaterial.uasset" 48
"../../../Engine/Content/EngineDebugMaterials/DebugEditorMaterial.uexp" 49
"../../../Engine/Content/EngineDamageTypes/DmgTypeBP_Environmental.uasset" 50
"../../../Engine/Content/EngineDamageTypes/DmgTypeBP_Environmental.uexp" 51
"../../../Engine/Content/EditorResources/S_TriggerSphere.uasset" 52
"../../../Engine/Content/EditorResources/S_TriggerSphere.uexp" 53
"../../../Engine/Content/EditorResources/S_TriggerCapsule.uasset" 54
"../../../Engine/Content/EditorResources/S_TriggerCapsule.uexp" 55
"../../../Engine/Content/EditorResources/S_TriggerBox.uasset" 56
"../../../Engine/Content/EditorResources/S_TriggerBox.uexp" 57
"../../../Engine/Content/EditorResources/S_Trigger.ubulk" 58
"../../../Engine/Content/EditorResources/S_Trigger.uasset" 59
"../../../Engine/Content/EditorResources/S_Trigger.uexp" 60
"../../../Engine/Content/EditorResources/S_Terrain.ubulk" 61
"../../../Engine/Content/EditorResources/S_Terrain.uasset" 62
"../../../Engine/Content/EditorResources/S_Terrain.uexp" 63
"../../../Engine/Content/EditorResources/S_Solver.ubulk" 64
"../../../Engine/Content/EditorResources/S_Solver.uasset" 65
"../../../Engine/Content/EditorResources/S_Solver.uexp" 66
"../../../Engine/Content/EditorResources/S_BoxReflectionCapture.uasset" 67
"../../../Engine/Content/EditorResources/S_BoxReflectionCapture.uexp" 68
"../../../Engine/Content/EditorResources/BSPVertex.uasset" 69
"../../../Engine/Content/EditorResources/BSPVertex.uexp" 70
"../../../Engine/Content/EditorMaterials/PreviewShadowIndicator.ubulk" 71
"../../../Engine/Content/EditorMaterials/PreviewShadowIndicator.uasset" 72
"../../../Engine/Content/EditorMaterials/PreviewShadowIndicator.uexp" 73
"../../../Engine/Content/EditorMaterials/PreviewShadowIndicatorMaterial.uasset" 74
"../../../Engine/Content/EditorMaterials/PreviewShadowIndicatorMaterial.uexp" 75
"../../../Engine/Content/EditorMaterials/PhAT_UnselectedMaterial.uasset" 76
"../../../Engine/Content/EditorMaterials/PhAT_UnselectedMaterial.uexp" 77
"../../../Engine/Content/EditorMaterials/PhAT_NoCollisionMaterial.uasset" 78
"../../../Engine/Content/EditorMaterials/PhAT_NoCollisionMaterial.uexp" 79
"../../../Engine/Content/EditorLandscapeResources/WhiteSquareTexture.uasset" 80
"../../../Engine/Content/EditorLandscapeResources/WhiteSquareTexture.uexp" 81
"../../../Engine/Content/EditorLandscapeResources/LayerVisMaterial.uasset" 82
"../../../Engine/Content/EditorLandscapeResources/LayerVisMaterial.uexp" 83
"../../../Engine/Content/Functions/Engine_MaterialFunctions02/WorldPositionOffset/LocalPosition.uasset" 84
"../../../Engine/Content/Functions/Engine_MaterialFunctions02/WorldPositionOffset/LocalPosition.uexp" 85
"../../../Engine/Content/Functions/Engine_MaterialFunctions02/Utility/BreakOutFloat2Components.uasset" 86
"../../../Engine/Content/Functions/Engine_MaterialFunctions02/Utility/BreakOutFloat2Components.uexp" 87
"../../../Engine/Content/Functions/Engine_MaterialFunctions01/Texturing/ScaleUVsByCenter.uasset" 88
"../../../Engine/Content/Functions/Engine_MaterialFunctions01/Texturing/ScaleUVsByCenter.uexp" 89
"../../../Engine/Content/EngineMaterials/DefaultDiffuse.ubulk" 90
"../../../Engine/Content/EngineMaterials/DefaultDiffuse.uasset" 91
"../../../Engine/Content/EngineMaterials/DefaultDiffuse.uexp" 92
"../../../Engine/Content/Functions/Engine_MaterialFunctions01/Texturing/TextureCropping.uasset" 93
"../../../Engine/Content/Functions/Engine_MaterialFunctions01/Texturing/TextureCropping.uexp" 94
"../../../Engine/Content/Functions/Engine_MaterialFunctions02/ExampleContent/DebugNumberStrip.uasset" 95
"../../../Engine/Content/Functions/Engine_MaterialFunctions02/ExampleContent/DebugNumberStrip.uexp" 96
"../../../Engine/Content/Functions/Engine_MaterialFunctions01/Debug/DebugIntValues.uasset" 97
"../../../Engine/Content/Functions/Engine_MaterialFunctions01/Debug/DebugIntValues.uexp" 98
"../../../Engine/Content/EditorLandscapeResources/LandscapeLayerUsageMaterial.uasset" 99
"../../../Engine/Content/EditorLandscapeResources/LandscapeLayerUsageMaterial.uexp" 100
"../../../Engine/Content/EditorLandscapeResources/DefaultAlphaTexture.uasset" 101
"../../../Engine/Content/EditorLandscapeResources/DefaultAlphaTexture.uexp" 102
"../../../Engine/Content/EditorLandscapeResources/LandscapeDirtyMaterial.uasset" 103
"../../../Engine/Content/EditorLandscapeResources/LandscapeDirtyMaterial.uexp" 104
"../../../Engine/Plugins/VirtualProduction/CameraCalibrationCore/Content/Materials/M_DefaultOddSquare.uasset" 105
"../../../Engine/Plugins/VirtualProduction/CameraCalibrationCore/Content/Materials/M_DefaultOddSquare.uexp" 106
"../../../Engine/Plugins/VirtualProduction/CameraCalibrationCore/Content/Materials/M_DefaultEvenSquare.uasset" 107
"../../../Engine/Plugins/VirtualProduction/CameraCalibrationCore/Content/Materials/M_DefaultEvenSquare.uexp" 108
"../../../Engine/Plugins/Runtime/HairStrands/Content/Materials/HairMeshesDefaultMaterial.uasset" 109
"../../../Engine/Plugins/Runtime/HairStrands/Content/Materials/HairMeshesDefaultMaterial.uexp" 110
"../../../Engine/Plugins/Runtime/HairStrands/Content/Materials/HairDefaultMaterial.uasset" 111
"../../../Engine/Plugins/Runtime/HairStrands/Content/Materials/HairDefaultMaterial.uexp" 112
"../../../Engine/Content/Functions/Engine_MaterialFunctions02/Utility/MakeFloat2.uasset" 113
"../../../Engine/Content/Functions/Engine_MaterialFunctions02/Utility/MakeFloat2.uexp" 114
"../../../Engine/Content/Functions/Engine_MaterialFunctions02/Utility/MakeFloat3.uasset" 115
"../../../Engine/Content/Functions/Engine_MaterialFunctions02/Utility/MakeFloat3.uexp" 116
"../../../Engine/Content/EngineMaterials/HairDebugColor.uasset" 117
"../../../Engine/Content/EngineMaterials/HairDebugColor.uexp" 118
"../../../Engine/Content/EngineMaterials/HairColorMap.uasset" 119
"../../../Engine/Content/EngineMaterials/HairColorMap.uexp" 120
"../../../Engine/Plugins/Runtime/HairStrands/Content/Materials/HairGroupColors.uasset" 121
"../../../Engine/Plugins/Runtime/HairStrands/Content/Materials/HairGroupColors.uexp" 122
"../../../Engine/Plugins/Runtime/HairStrands/Content/Materials/HairDebugMaterial.uasset" 123
"../../../Engine/Plugins/Runtime/HairStrands/Content/Materials/HairDebugMaterial.uexp" 124
"../../../Engine/Plugins/Runtime/HairStrands/Content/Materials/HairCardsDefaultMaterial.uasset" 125
"../../../Engine/Plugins/Runtime/HairStrands/Content/Materials/HairCardsDefaultMaterial.uexp" 126
"../../../Engine/Plugins/Runtime/AudioWidgets/Content/Resources/ScrubHandleDown_Clamped.uasset" 127
"../../../Engine/Plugins/Runtime/AudioWidgets/Content/Resources/ScrubHandleDown_Clamped.uexp" 128
"../../../Engine/Plugins/Interchange/Runtime/Content/Pipelines/DefaultTexturePipeline.uasset" 129
"../../../Engine/Plugins/Interchange/Runtime/Content/Pipelines/DefaultTexturePipeline.uexp" 130
"../../../Engine/Plugins/Interchange/Runtime/Content/Pipelines/DefaultSceneLevelPipeline.uasset" 131
"../../../Engine/Plugins/Interchange/Runtime/Content/Pipelines/DefaultSceneLevelPipeline.uexp" 132
"../../../Engine/Plugins/Interchange/Runtime/Content/Pipelines/DefaultSceneAssetsPipeline.uasset" 133
"../../../Engine/Plugins/Interchange/Runtime/Content/Pipelines/DefaultSceneAssetsPipeline.uexp" 134
"../../../Engine/Plugins/Interchange/Runtime/Content/Pipelines/DefaultMaterialXPipeline.uasset" 135
"../../../Engine/Plugins/Interchange/Runtime/Content/Pipelines/DefaultMaterialXPipeline.uexp" 136
"../../../Engine/Plugins/Interchange/Runtime/Content/Pipelines/DefaultMaterialPipeline.uasset" 137
"../../../Engine/Plugins/Interchange/Runtime/Content/Pipelines/DefaultMaterialPipeline.uexp" 138
"../../../Engine/Plugins/Interchange/Runtime/Content/Pipelines/DefaultGLTFSceneAssetsPipeline.uasset" 139
"../../../Engine/Plugins/Interchange/Runtime/Content/Pipelines/DefaultGLTFSceneAssetsPipeline.uexp" 140
"../../../Engine/Plugins/Interchange/Runtime/Content/Pipelines/DefaultGLTFPipeline.uasset" 141
"../../../Engine/Plugins/Interchange/Runtime/Content/Pipelines/DefaultGLTFPipeline.uexp" 142
"../../../Engine/Plugins/Interchange/Runtime/Content/Pipelines/DefaultGLTFAssetsPipeline.uasset" 143
"../../../Engine/Plugins/Interchange/Runtime/Content/Pipelines/DefaultGLTFAssetsPipeline.uexp" 144
"../../../Engine/Plugins/Interchange/Runtime/Content/Pipelines/DefaultAssetsPipeline.uasset" 145
"../../../Engine/Plugins/Interchange/Runtime/Content/Pipelines/DefaultAssetsPipeline.uexp" 146
"../../../Engine/Plugins/Interchange/Assets/Content/Functions/MX_UsdPreviewSurface.uasset" 147
"../../../Engine/Plugins/Interchange/Assets/Content/Functions/MX_UsdPreviewSurface.uexp" 148
"../../../Engine/Plugins/Interchange/Assets/Content/Functions/MX_UniformEDF.uasset" 149
"../../../Engine/Plugins/Interchange/Assets/Content/Functions/MX_UniformEDF.uexp" 150
"../../../Engine/Plugins/Interchange/Assets/Content/Functions/MX_TranslucentBSDF.uasset" 151
"../../../Engine/Plugins/Interchange/Assets/Content/Functions/MX_TranslucentBSDF.uexp" 152
"../../../Engine/Plugins/Interchange/Assets/Content/Functions/MX_ThinFilmBSDF.uasset" 153
"../../../Engine/Plugins/Interchange/Assets/Content/Functions/MX_ThinFilmBSDF.uexp" 154
"../../../Engine/Plugins/Interchange/Assets/Content/Functions/MX_SurfaceUnlit.uasset" 155
"../../../Engine/Plugins/Interchange/Assets/Content/Functions/MX_SurfaceUnlit.uexp" 156
"../../../Engine/Plugins/Interchange/Assets/Content/Functions/MX_Surface.uasset" 157
"../../../Engine/Plugins/Interchange/Assets/Content/Functions/MX_Surface.uexp" 158
"../../../Engine/Plugins/Interchange/Assets/Content/Functions/MX_SubsurfaceBSDF.uasset" 159
"../../../Engine/Plugins/Interchange/Assets/Content/Functions/MX_SubsurfaceBSDF.uexp" 160
"../../../Engine/Plugins/Interchange/Assets/Content/Functions/MX_SheenBSDF.uasset" 161
"../../../Engine/Plugins/Interchange/Assets/Content/Functions/MX_SheenBSDF.uexp" 162
"../../../Engine/Plugins/Interchange/Assets/Content/Functions/MX_OrenNayarBSDF.uasset" 163
"../../../Engine/Plugins/Interchange/Assets/Content/Functions/MX_OrenNayarBSDF.uexp" 164
"../../../Engine/Plugins/Interchange/Assets/Content/Functions/MF_IridescenceNoLUT.uasset" 165
"../../../Engine/Plugins/Interchange/Assets/Content/Functions/MF_IridescenceNoLUT.uexp" 166
"../../../Engine/Plugins/Interchange/Assets/Content/Functions/MX_StandardSurface.uasset" 167
"../../../Engine/Plugins/Interchange/Assets/Content/Functions/MX_StandardSurface.uexp" 168
"../../../Engine/Plugins/Interchange/Assets/Content/Functions/MX_TransmissionSurface.uasset" 169
"../../../Engine/Plugins/Interchange/Assets/Content/Functions/MX_TransmissionSurface.uexp" 170
"../../../Engine/Plugins/Interchange/Assets/Content/Functions/MX_OpenPBR_Translucent.uasset" 171
"../../../Engine/Plugins/Interchange/Assets/Content/Functions/MX_OpenPBR_Translucent.uexp" 172
"../../../Engine/Plugins/Interchange/Assets/Content/Functions/MX_OpenPBR_Opaque.uasset" 173
"../../../Engine/Plugins/Interchange/Assets/Content/Functions/MX_OpenPBR_Opaque.uexp" 174
"../../../Engine/Plugins/Interchange/Assets/Content/Functions/MX_MeasuredEDF.uasset" 175
"../../../Engine/Plugins/Interchange/Assets/Content/Functions/MX_MeasuredEDF.uexp" 176
"../../../Engine/Plugins/Interchange/Assets/Content/Functions/MX_GeneralizedSchlickBSDF.uasset" 177
"../../../Engine/Plugins/Interchange/Assets/Content/Functions/MX_GeneralizedSchlickBSDF.uexp" 178
"../../../Engine/Plugins/Interchange/Assets/Content/Functions/MX_Displacement.uasset" 179
"../../../Engine/Plugins/Interchange/Assets/Content/Functions/MX_Displacement.uexp" 180
"../../../Engine/Plugins/Interchange/Assets/Content/Functions/MX_DielectricBSDF.uasset" 181
"../../../Engine/Plugins/Interchange/Assets/Content/Functions/MX_DielectricBSDF.uexp" 182
"../../../Engine/Plugins/Interchange/Assets/Content/Functions/MX_ConicalEDF.uasset" 183
"../../../Engine/Plugins/Interchange/Assets/Content/Functions/MX_ConicalEDF.uexp" 184
"../../../Engine/Plugins/Interchange/Assets/Content/Functions/MX_ConductorBSDF.uasset" 185
"../../../Engine/Plugins/Interchange/Assets/Content/Functions/MX_ConductorBSDF.uexp" 186
"../../../Engine/Plugins/Interchange/Assets/Content/Functions/MX_BurleyDiffuseBSDF.uasset" 187
"../../../Engine/Plugins/Interchange/Assets/Content/Functions/MX_BurleyDiffuseBSDF.uexp" 188
"../../../Engine/Plugins/Interchange/Assets/Content/Functions/MX_AnisotropicVDF.uasset" 189
"../../../Engine/Plugins/Interchange/Assets/Content/Functions/MX_AnisotropicVDF.uexp" 190
"../../../Engine/Plugins/Interchange/Assets/Content/Functions/MX_AbsorptionVDF.uasset" 191
"../../../Engine/Plugins/Interchange/Assets/Content/Functions/MX_AbsorptionVDF.uexp" 192
"../../../Engine/Content/Functions/Engine_MaterialFunctions02/Utility/VectorLength.uasset" 193
"../../../Engine/Content/Functions/Engine_MaterialFunctions02/Utility/VectorLength.uexp" 194
"../../../Engine/Content/Functions/Engine_MaterialFunctions02/Utility/BreakOutFloat3Components.uasset" 195
"../../../Engine/Content/Functions/Engine_MaterialFunctions02/Utility/BreakOutFloat3Components.uexp" 196
"../../../Engine/Content/Functions/Engine_MaterialFunctions02/WorldPositionOffset/ObjectScale.uasset" 197
"../../../Engine/Content/Functions/Engine_MaterialFunctions02/WorldPositionOffset/ObjectScale.uexp" 198
"../../../Engine/Content/Functions/Engine_MaterialFunctions02/SafeNormalize.uasset" 199
"../../../Engine/Content/Functions/Engine_MaterialFunctions02/SafeNormalize.uexp" 200
"../../../Engine/Plugins/Editor/SpeedTreeImporter/Content/SpeedTree9/UnpackInteger3.uasset" 201
"../../../Engine/Plugins/Editor/SpeedTreeImporter/Content/SpeedTree9/UnpackInteger3.uexp" 202
"../../../Engine/Plugins/Editor/SpeedTreeImporter/Content/SpeedTree9/UnpackDirection.uasset" 203
"../../../Engine/Plugins/Editor/SpeedTreeImporter/Content/SpeedTree9/UnpackDirection.uexp" 204
"../../../Engine/Plugins/Editor/SpeedTreeImporter/Content/SpeedTree9/game_wind_noise.ubulk" 205
"../../../Engine/Plugins/Editor/SpeedTreeImporter/Content/SpeedTree9/game_wind_noise.uasset" 206
"../../../Engine/Plugins/Editor/SpeedTreeImporter/Content/SpeedTree9/game_wind_noise.uexp" 207
"../../../Engine/Plugins/Editor/SpeedTreeImporter/Content/SpeedTree9/SpeedTreeWindMotion.uasset" 208
"../../../Engine/Plugins/Editor/SpeedTreeImporter/Content/SpeedTree9/SpeedTreeWindMotion.uexp" 209
"../../../Engine/Content/Functions/Engine_MaterialFunctions02/ObjectLocalBounds.uasset" 210
"../../../Engine/Content/Functions/Engine_MaterialFunctions02/ObjectLocalBounds.uexp" 211
"../../../Engine/Content/Functions/Engine_MaterialFunctions02/UVs/BoundingBoxBased_0-1_UVW.uasset" 212
"../../../Engine/Content/Functions/Engine_MaterialFunctions02/UVs/BoundingBoxBased_0-1_UVW.uexp" 213
"../../../Engine/Plugins/Editor/SpeedTreeImporter/Content/SpeedTree9/SpeedTreeBranchMotion.uasset" 214
"../../../Engine/Plugins/Editor/SpeedTreeImporter/Content/SpeedTree9/SpeedTreeBranchMotion.uexp" 215
"../../../Engine/Plugins/Editor/SpeedTreeImporter/Content/SpeedTree9/SpeedTreeWind.uasset" 216
"../../../Engine/Plugins/Editor/SpeedTreeImporter/Content/SpeedTree9/SpeedTreeWind.uexp" 217
"../../../Engine/Plugins/Editor/SpeedTreeImporter/Content/SpeedTree9/Empty.uasset" 218
"../../../Engine/Plugins/Editor/SpeedTreeImporter/Content/SpeedTree9/Empty.uexp" 219
"../../../Engine/Plugins/Editor/SpeedTreeImporter/Content/SpeedTree9/EmptyNormal.uasset" 220
"../../../Engine/Plugins/Editor/SpeedTreeImporter/Content/SpeedTree9/EmptyNormal.uexp" 221
"../../../Engine/Plugins/Editor/SpeedTreeImporter/Content/SpeedTree9/SpeedTreeCameraFacing.uasset" 222
"../../../Engine/Plugins/Editor/SpeedTreeImporter/Content/SpeedTree9/SpeedTreeCameraFacing.uexp" 223
"../../../Engine/Plugins/Editor/SpeedTreeImporter/Content/SpeedTree9/SpeedTreeMaster.uasset" 224
"../../../Engine/Plugins/Editor/SpeedTreeImporter/Content/SpeedTree9/SpeedTreeMaster.uexp" 225
"../../../Engine/Plugins/Editor/SpeedTreeImporter/Content/SpeedTree9/SpeedTreeBillboard.uasset" 226
"../../../Engine/Plugins/Editor/SpeedTreeImporter/Content/SpeedTree9/SpeedTreeBillboard.uexp" 227
"../../../Engine/Plugins/Editor/SpeedTreeImporter/Content/SpeedTree9/SpeedTreeBillboardMaster.uasset" 228
"../../../Engine/Plugins/Editor/SpeedTreeImporter/Content/SpeedTree9/SpeedTreeBillboardMaster.uexp" 229
"../../../Engine/Plugins/Animation/ControlRig/Content/Controls/ControlRigXRayMaterial.uasset" 230
"../../../Engine/Plugins/Animation/ControlRig/Content/Controls/ControlRigXRayMaterial.uexp" 231
"../../../Engine/Plugins/Animation/ControlRig/Content/Controls/ControlRigGizmoMaterial.uasset" 232
"../../../Engine/Plugins/Animation/ControlRig/Content/Controls/ControlRigGizmoMaterial.uexp" 233
"../../../Engine/Content/EngineSounds/Master.uasset" 234
"../../../Engine/Content/EngineSounds/Master.uexp" 235
"../../../Engine/Content/EngineResources/DefaultTexture.ubulk" 236
"../../../Engine/Content/EngineResources/DefaultTexture.uasset" 237
"../../../Engine/Content/EngineResources/DefaultTexture.uexp" 238
"../../../Engine/Content/EngineMaterials/RemoveSurfaceMaterial.uasset" 239
"../../../Engine/Content/EngineMaterials/RemoveSurfaceMaterial.uexp" 240
"../../../Engine/Content/EngineMaterials/PreintegratedSkinBRDF.uasset" 241
"../../../Engine/Content/EngineMaterials/PreintegratedSkinBRDF.uexp" 242
"../../../Engine/Content/EngineMaterials/DefaultCalibrationGrayscale.uasset" 243
"../../../Engine/Content/EngineMaterials/DefaultCalibrationGrayscale.uexp" 244
"../../../Engine/Content/EngineMaterials/PPM_DefaultCalibrationGrayscale.uasset" 245
"../../../Engine/Content/EngineMaterials/PPM_DefaultCalibrationGrayscale.uexp" 246
"../../../Engine/Content/EngineMaterials/DefaultCalibrationColor.uasset" 247
"../../../Engine/Content/EngineMaterials/DefaultCalibrationColor.uexp" 248
"../../../Engine/Content/EngineMaterials/PPM_DefaultCalibrationColor.uasset" 249
"../../../Engine/Content/EngineMaterials/PPM_DefaultCalibrationColor.uexp" 250
"../../../Engine/Content/EngineMaterials/PhAT_JointLimitMaterial.uasset" 251
"../../../Engine/Content/EngineMaterials/PhAT_JointLimitMaterial.uexp" 252
"../../../Engine/Content/EngineMaterials/NaniteHiddenSectionMaterial.uasset" 253
"../../../Engine/Content/EngineMaterials/NaniteHiddenSectionMaterial.uexp" 254
"../../../Engine/Content/EngineMaterials/InvalidLightmapSettings.ubulk" 255
"../../../Engine/Content/EngineMaterials/InvalidLightmapSettings.uasset" 256
"../../../Engine/Content/EngineMaterials/InvalidLightmapSettings.uexp" 257
"../../../Engine/Content/EngineMaterials/M_InvalidLightmapSettings.uasset" 258
"../../../Engine/Content/EngineMaterials/M_InvalidLightmapSettings.uexp" 259
"../../../Engine/Content/EngineMaterials/MiniFont.uasset" 260
"../../../Engine/Content/EngineMaterials/MiniFont.uexp" 261
"../../../Engine/Content/EngineMaterials/GizmoMaterial.uasset" 262
"../../../Engine/Content/EngineMaterials/GizmoMaterial.uexp" 263
"../../../Engine/Content/EngineMaterials/BaseFlattenDiffuseMap_VT.ubulk" 264
"../../../Engine/Content/EngineMaterials/BaseFlattenDiffuseMap_VT.uasset" 265
"../../../Engine/Content/EngineMaterials/BaseFlattenDiffuseMap_VT.uexp" 266
"../../../Engine/Content/EngineMaterials/BaseFlattenEmissiveMap_VT.ubulk" 267
"../../../Engine/Content/EngineMaterials/BaseFlattenEmissiveMap_VT.uasset" 268
"../../../Engine/Content/EngineMaterials/BaseFlattenEmissiveMap_VT.uexp" 269
"../../../Engine/Content/EngineMaterials/BaseFlattenGrayscaleMap_VT.ubulk" 270
"../../../Engine/Content/EngineMaterials/BaseFlattenGrayscaleMap_VT.uasset" 271
"../../../Engine/Content/EngineMaterials/BaseFlattenGrayscaleMap_VT.uexp" 272
"../../../Engine/Content/EngineMaterials/BaseFlattenLinearColor_VT.ubulk" 273
"../../../Engine/Content/EngineMaterials/BaseFlattenLinearColor_VT.uasset" 274
"../../../Engine/Content/EngineMaterials/BaseFlattenLinearColor_VT.uexp" 275
"../../../Engine/Content/EngineMaterials/BaseFlattenNormalMap_VT.ubulk" 276
"../../../Engine/Content/EngineMaterials/BaseFlattenNormalMap_VT.uasset" 277
"../../../Engine/Content/EngineMaterials/BaseFlattenNormalMap_VT.uexp" 278
"../../../Engine/Content/EngineMaterials/Black_1x1_EXR_Texture_VT.ubulk" 279
"../../../Engine/Content/EngineMaterials/Black_1x1_EXR_Texture_VT.uasset" 280
"../../../Engine/Content/EngineMaterials/Black_1x1_EXR_Texture_VT.uexp" 281
"../../../Engine/Content/EngineMaterials/FlattenMaterial_WS_Normal_VT.uasset" 282
"../../../Engine/Content/EngineMaterials/FlattenMaterial_WS_Normal_VT.uexp" 283
"../../../Engine/Content/EngineMaterials/FlattenMaterial_VT.uasset" 284
"../../../Engine/Content/EngineMaterials/FlattenMaterial_VT.uexp" 285
"../../../Engine/Content/EngineMaterials/BaseFlattenDiffuseMap.uasset" 286
"../../../Engine/Content/EngineMaterials/BaseFlattenDiffuseMap.uexp" 287
"../../../Engine/Content/EngineMaterials/BaseFlattenEmissiveMap.uasset" 288
"../../../Engine/Content/EngineMaterials/BaseFlattenEmissiveMap.uexp" 289
"../../../Engine/Content/EngineMaterials/BaseFlattenGrayscaleMap.uasset" 290
"../../../Engine/Content/EngineMaterials/BaseFlattenGrayscaleMap.uexp" 291
"../../../Engine/Content/EngineMaterials/BaseFlattenNormalMap.uasset" 292
"../../../Engine/Content/EngineMaterials/BaseFlattenNormalMap.uexp" 293
"../../../Engine/Content/EngineMaterials/BaseFlattenLinearColor.uasset" 294
"../../../Engine/Content/EngineMaterials/BaseFlattenLinearColor.uexp" 295
"../../../Engine/Content/Functions/Engine_MaterialFunctions02/PivotPainter2/Black_1x1_EXR_Texture.uasset" 296
"../../../Engine/Content/Functions/Engine_MaterialFunctions02/PivotPainter2/Black_1x1_EXR_Texture.uexp" 297
"../../../Engine/Content/EngineMaterials/FlattenMaterial.uasset" 298
"../../../Engine/Content/EngineMaterials/FlattenMaterial.uexp" 299
"../../../Engine/Content/EngineMaterials/FastBlueNoise_vec2_128x128x64.uasset" 300
"../../../Engine/Content/EngineMaterials/FastBlueNoise_vec2_128x128x64.uexp" 301
"../../../Engine/Content/EngineMaterials/FastBlueNoise_scalar_128x128x8.uasset" 302
"../../../Engine/Content/EngineMaterials/FastBlueNoise_scalar_128x128x8.uexp" 303
"../../../Engine/Content/EngineMaterials/FastBlueNoise_scalar_128x128x64.uasset" 304
"../../../Engine/Content/EngineMaterials/FastBlueNoise_scalar_128x128x64.uexp" 305
"../../../Engine/Content/EngineMaterials/DefaultWhiteGrid_Low.uasset" 306
"../../../Engine/Content/EngineMaterials/DefaultWhiteGrid_Low.uexp" 307
"../../../Engine/Content/EngineMaterials/EmissiveMeshMaterial.uasset" 308
"../../../Engine/Content/EngineMaterials/EmissiveMeshMaterial.uexp" 309
"../../../Engine/Content/EngineMaterials/DefaultWhiteGrid.ubulk" 310
"../../../Engine/Content/EngineMaterials/DefaultWhiteGrid.uasset" 311
"../../../Engine/Content/EngineMaterials/DefaultWhiteGrid.uexp" 312
"../../../Engine/Content/EngineFonts/RobotoDistanceField.uasset" 313
"../../../Engine/Content/EngineFonts/RobotoDistanceField.uexp" 314
"../../../Engine/Content/EngineMaterials/DefaultTextMaterialOpaque.uasset" 315
"../../../Engine/Content/EngineMaterials/DefaultTextMaterialOpaque.uexp" 316
"../../../Engine/Content/EngineMaterials/DefaultPostProcessMaterial.uasset" 317
"../../../Engine/Content/EngineMaterials/DefaultPostProcessMaterial.uexp" 318
"../../../Engine/Content/EngineMaterials/DefaultPhysicalMaterial.uasset" 319
"../../../Engine/Content/EngineMaterials/DefaultPhysicalMaterial.uexp" 320
"../../../Engine/Content/EngineMaterials/DefaultLightFunctionMaterial.uasset" 321
"../../../Engine/Content/EngineMaterials/DefaultLightFunctionMaterial.uexp" 322
"../../../Engine/Content/EngineMaterials/DefaultDestructiblePhysicalMaterial.uasset" 323
"../../../Engine/Content/EngineMaterials/DefaultDestructiblePhysicalMaterial.uexp" 324
"../../../Engine/Content/EngineMaterials/DefaultDeferredDecalMaterial.uasset" 325
"../../../Engine/Content/EngineMaterials/DefaultDeferredDecalMaterial.uexp" 326
"../../../Engine/Content/EngineMaterials/DefaultBokeh.uasset" 327
"../../../Engine/Content/EngineMaterials/DefaultBokeh.uexp" 328
"../../../Engine/Content/EngineMaterials/DefaultBloomKernel.uasset" 329
"../../../Engine/Content/EngineMaterials/DefaultBloomKernel.uexp" 330
"../../../Engine/Content/EngineFonts/Faces/DroidSansFallback.uexp" 331
"../../../Engine/Content/EngineFonts/Faces/DroidSansFallback.uasset" 332
"../../../Engine/Content/EngineFonts/Faces/DroidSansFallback.ufont" 333
"../../../Engine/Content/EngineFonts/Faces/RobotoBold.uexp" 334
"../../../Engine/Content/EngineFonts/Faces/RobotoBold.uasset" 335
"../../../Engine/Content/EngineFonts/Faces/RobotoBold.ufont" 336
"../../../Engine/Content/EngineFonts/Faces/RobotoBoldItalic.uexp" 337
"../../../Engine/Content/EngineFonts/Faces/RobotoBoldItalic.uasset" 338
"../../../Engine/Content/EngineFonts/Faces/RobotoBoldItalic.ufont" 339
"../../../Engine/Content/EngineFonts/Faces/RobotoItalic.uexp" 340
"../../../Engine/Content/EngineFonts/Faces/RobotoItalic.uasset" 341
"../../../Engine/Content/EngineFonts/Faces/RobotoItalic.ufont" 342
"../../../Engine/Content/EngineFonts/Faces/RobotoLight.uexp" 343
"../../../Engine/Content/EngineFonts/Faces/RobotoLight.uasset" 344
"../../../Engine/Content/EngineFonts/Faces/RobotoLight.ufont" 345
"../../../Engine/Content/EngineFonts/Faces/RobotoRegular.uexp" 346
"../../../Engine/Content/EngineFonts/Faces/RobotoRegular.uasset" 347
"../../../Engine/Content/EngineFonts/Faces/RobotoRegular.ufont" 348
"../../../Engine/Content/EngineFonts/Roboto.uasset" 349
"../../../Engine/Content/EngineFonts/Roboto.uexp" 350
"../../../Engine/Content/EngineFonts/Faces/DroidSansMono.uexp" 351
"../../../Engine/Content/EngineFonts/Faces/DroidSansMono.uasset" 352
"../../../Engine/Content/EngineFonts/Faces/DroidSansMono.ufont" 353
"../../../Engine/Content/EngineFonts/DroidSansMono.uasset" 354
"../../../Engine/Content/EngineFonts/DroidSansMono.uexp" 355
"../../../Engine/Content/EngineResources/FilmGrains/Marcie_Grain_v3_128_M2_000.uasset" 356
"../../../Engine/Content/EngineResources/FilmGrains/Marcie_Grain_v3_128_M2_000.uexp" 357
"../../../Engine/Content/EngineResources/Development/ZenLogo_64.uasset" 358
"../../../Engine/Content/EngineResources/Development/ZenLogo_64.uexp" 359
"../../../Engine/Content/EngineMaterials/LTC/Sheen_LTC.uasset" 360
"../../../Engine/Content/EngineMaterials/LTC/Sheen_LTC.uexp" 361
"../../../Engine/Content/EngineMaterials/LTC/GGX_LTCMat.uasset" 362
"../../../Engine/Content/EngineMaterials/LTC/GGX_LTCMat.uexp" 363
"../../../Engine/Content/EngineMaterials/LTC/GGX_LTCAmp.uasset" 364
"../../../Engine/Content/EngineMaterials/LTC/GGX_LTCAmp.uexp" 365
"../../../Engine/Content/EngineMaterials/EnergyConservation/Sheen_Energy.uasset" 366
"../../../Engine/Content/EngineMaterials/EnergyConservation/Sheen_Energy.uexp" 367
"../../../Engine/Content/EngineMaterials/EnergyConservation/SheenLegacy_Energy.uasset" 368
"../../../Engine/Content/EngineMaterials/EnergyConservation/SheenLegacy_Energy.uexp" 369
"../../../Engine/Content/EngineMaterials/EnergyConservation/GGX_TransmissionEnergyArray.uasset" 370
"../../../Engine/Content/EngineMaterials/EnergyConservation/GGX_TransmissionEnergyArray.uexp" 371
"../../../Engine/Content/EngineMaterials/EnergyConservation/GGX_ReflectionEnergy.uasset" 372
"../../../Engine/Content/EngineMaterials/EnergyConservation/GGX_ReflectionEnergy.uexp" 373
"../../../Engine/Content/EngineMaterials/EnergyConservation/Diffuse_Energy.uasset" 374
"../../../Engine/Content/EngineMaterials/EnergyConservation/Diffuse_Energy.uexp" 375
"../../../Engine/Content/EditorResources/SequenceRecorder/RecordingIndicator.uasset" 376
"../../../Engine/Content/EditorResources/SequenceRecorder/RecordingIndicator.uexp" 377
"../../../Engine/Content/EditorResources/SequenceRecorder/Countdown.uasset" 378
"../../../Engine/Content/EditorResources/SequenceRecorder/Countdown.uexp" 379
"../../../Engine/Content/EditorMaterials/ParticleSystems/PSysThumbnail_OOD.ubulk" 380
"../../../Engine/Content/EditorMaterials/ParticleSystems/PSysThumbnail_OOD.uasset" 381
"../../../Engine/Content/EditorMaterials/ParticleSystems/PSysThumbnail_OOD.uexp" 382
"../../../Engine/Content/EditorMaterials/ParticleSystems/PSysThumbnail_NoImage.ubulk" 383
"../../../Engine/Content/EditorMaterials/ParticleSystems/PSysThumbnail_NoImage.uasset" 384
"../../../Engine/Content/EditorMaterials/ParticleSystems/PSysThumbnail_NoImage.uexp" 385
"../../../Engine/Content/EditorMaterials/Dataflow/DataflowVertexMaterial.uasset" 386
"../../../Engine/Content/EditorMaterials/Dataflow/DataflowVertexMaterial.uexp" 387
"../../../Engine/Content/EditorMaterials/Dataflow/DataflowTwoSidedVertexMaterial.uasset" 388
"../../../Engine/Content/EditorMaterials/Dataflow/DataflowTwoSidedVertexMaterial.uexp" 389
"D:/uni/game studio/Preproduction/Prototype 1/Project Lycanthrope/Project Lycanthrope/Project_Lycanthrope/Content/Input/Actions/IA_MouseLook.uasset" 390
"D:/uni/game studio/Preproduction/Prototype 1/Project Lycanthrope/Project Lycanthrope/Project_Lycanthrope/Content/Input/Actions/IA_MouseLook.uexp" 391
"D:/uni/game studio/Preproduction/Prototype 1/Project Lycanthrope/Project Lycanthrope/Project_Lycanthrope/Content/Input/IMC_MouseLook.uasset" 392
"D:/uni/game studio/Preproduction/Prototype 1/Project Lycanthrope/Project Lycanthrope/Project_Lycanthrope/Content/Input/IMC_MouseLook.uexp" 393
"../../../Engine/Content/MobileResources/HUD/VirtualJoystick_Thumb.uasset" 394
"../../../Engine/Content/MobileResources/HUD/VirtualJoystick_Thumb.uexp" 395
"../../../Engine/Content/MobileResources/HUD/VirtualJoystick_Background.uasset" 396
"../../../Engine/Content/MobileResources/HUD/VirtualJoystick_Background.uexp" 397
"D:/uni/game studio/Preproduction/Prototype 1/Project Lycanthrope/Project Lycanthrope/Project_Lycanthrope/Content/Input/Touch/UI_Thumbstick.uasset" 398
"D:/uni/game studio/Preproduction/Prototype 1/Project Lycanthrope/Project Lycanthrope/Project_Lycanthrope/Content/Input/Touch/UI_Thumbstick.uexp" 399
"D:/uni/game studio/Preproduction/Prototype 1/Project Lycanthrope/Project Lycanthrope/Project_Lycanthrope/Content/Variant_Combat/Input/BPI_TouchInterface_Combat.uasset" 400
"D:/uni/game studio/Preproduction/Prototype 1/Project Lycanthrope/Project Lycanthrope/Project_Lycanthrope/Content/Variant_Combat/Input/BPI_TouchInterface_Combat.uexp" 401
"D:/uni/game studio/Preproduction/Prototype 1/Project Lycanthrope/Project Lycanthrope/Project_Lycanthrope/Content/Variant_Combat/Input/UI_TouchInterface_Combat.uasset" 402
"D:/uni/game studio/Preproduction/Prototype 1/Project Lycanthrope/Project Lycanthrope/Project_Lycanthrope/Content/Variant_Combat/Input/UI_TouchInterface_Combat.uexp" 403
"D:/uni/game studio/Preproduction/Prototype 1/Project Lycanthrope/Project Lycanthrope/Project_Lycanthrope/Content/Input/Actions/IA_Look.uasset" 404
"D:/uni/game studio/Preproduction/Prototype 1/Project Lycanthrope/Project Lycanthrope/Project_Lycanthrope/Content/Input/Actions/IA_Look.uexp" 405
"D:/uni/game studio/Preproduction/Prototype 1/Project Lycanthrope/Project Lycanthrope/Project_Lycanthrope/Content/Input/Actions/IA_Move.uasset" 406
"D:/uni/game studio/Preproduction/Prototype 1/Project Lycanthrope/Project Lycanthrope/Project_Lycanthrope/Content/Input/Actions/IA_Move.uexp" 407
"D:/uni/game studio/Preproduction/Prototype 1/Project Lycanthrope/Project Lycanthrope/Project_Lycanthrope/Content/Variant_Combat/Input/Actions/IA_ChargedAttack.uasset" 408
"D:/uni/game studio/Preproduction/Prototype 1/Project Lycanthrope/Project Lycanthrope/Project_Lycanthrope/Content/Variant_Combat/Input/Actions/IA_ChargedAttack.uexp" 409
"D:/uni/game studio/Preproduction/Prototype 1/Project Lycanthrope/Project Lycanthrope/Project_Lycanthrope/Content/Variant_Combat/Input/Actions/IA_ComboAttack.uasset" 410
"D:/uni/game studio/Preproduction/Prototype 1/Project Lycanthrope/Project Lycanthrope/Project_Lycanthrope/Content/Variant_Combat/Input/Actions/IA_ComboAttack.uexp" 411
"D:/uni/game studio/Preproduction/Prototype 1/Project Lycanthrope/Project Lycanthrope/Project_Lycanthrope/Content/Variant_Combat/Input/IMC_Combat.uasset" 412
"D:/uni/game studio/Preproduction/Prototype 1/Project Lycanthrope/Project Lycanthrope/Project_Lycanthrope/Content/Variant_Combat/Input/IMC_Combat.uexp" 413
"../../../Engine/Content/VREditor/BasicMeshes/T_CleanFloorGrunge_01_D.ubulk" 414
"../../../Engine/Content/VREditor/BasicMeshes/T_CleanFloorGrunge_01_D.uasset" 415
"../../../Engine/Content/VREditor/BasicMeshes/T_CleanFloorGrunge_01_D.uexp" 416
"../../../Engine/Content/VREditor/BasicMeshes/M_Floor_01.uasset" 417
"../../../Engine/Content/VREditor/BasicMeshes/M_Floor_01.uexp" 418
"../../../Engine/Content/VREditor/BasicMeshes/MI_Cube_03.uasset" 419
"../../../Engine/Content/VREditor/BasicMeshes/MI_Cube_03.uexp" 420
"D:/uni/game studio/Preproduction/Prototype 1/Project Lycanthrope/Project Lycanthrope/Project_Lycanthrope/Content/Characters/Mannequins/Meshes/SK_Mannequin.uasset" 421
"D:/uni/game studio/Preproduction/Prototype 1/Project Lycanthrope/Project Lycanthrope/Project_Lycanthrope/Content/Characters/Mannequins/Meshes/SK_Mannequin.uexp" 422
"D:/uni/game studio/Preproduction/Prototype 1/Project Lycanthrope/Project Lycanthrope/Project_Lycanthrope/Content/Characters/Mannequins/Rigs/PA_Mannequin.uasset" 423
"D:/uni/game studio/Preproduction/Prototype 1/Project Lycanthrope/Project Lycanthrope/Project_Lycanthrope/Content/Characters/Mannequins/Rigs/PA_Mannequin.uexp" 424
"D:/uni/game studio/Preproduction/Prototype 1/Project Lycanthrope/Project Lycanthrope/Project_Lycanthrope/Content/Characters/Mannequins/Meshes/SKM_Quinn_Simple.uasset" 425
"D:/uni/game studio/Preproduction/Prototype 1/Project Lycanthrope/Project Lycanthrope/Project_Lycanthrope/Content/Characters/Mannequins/Meshes/SKM_Quinn_Simple.uexp" 426
"../../../Engine/Plugins/FX/Niagara/Content/DefaultAssets/DefaultSpriteMaterial.uasset" 427
"../../../Engine/Plugins/FX/Niagara/Content/DefaultAssets/DefaultSpriteMaterial.uexp" 428
"D:/uni/game studio/Preproduction/Prototype 1/Project Lycanthrope/Project Lycanthrope/Project_Lycanthrope/Content/Variant_Combat/VFX/NS_Damage.uasset" 429
"D:/uni/game studio/Preproduction/Prototype 1/Project Lycanthrope/Project Lycanthrope/Project_Lycanthrope/Content/Variant_Combat/VFX/NS_Damage.uexp" 430
"D:/uni/game studio/Preproduction/Prototype 1/Project Lycanthrope/Project Lycanthrope/Project_Lycanthrope/Content/Variant_Combat/UI/UI_LifeBar.uasset" 431
"D:/uni/game studio/Preproduction/Prototype 1/Project Lycanthrope/Project Lycanthrope/Project_Lycanthrope/Content/Variant_Combat/UI/UI_LifeBar.uexp" 432
"D:/uni/game studio/Preproduction/Prototype 1/Project Lycanthrope/Project Lycanthrope/Project_Lycanthrope/Content/Variant_Combat/Blueprints/BP_CameraShake_Hit_Enemy.uasset" 433
"D:/uni/game studio/Preproduction/Prototype 1/Project Lycanthrope/Project Lycanthrope/Project_Lycanthrope/Content/Variant_Combat/Blueprints/BP_CameraShake_Hit_Enemy.uexp" 434
"D:/uni/game studio/Preproduction/Prototype 1/Project Lycanthrope/Project Lycanthrope/Project_Lycanthrope/Content/Variant_Combat/Blueprints/BP_CameraShake_Hit_Player.uasset" 435
"D:/uni/game studio/Preproduction/Prototype 1/Project Lycanthrope/Project Lycanthrope/Project_Lycanthrope/Content/Variant_Combat/Blueprints/BP_CameraShake_Hit_Player.uexp" 436
"D:/uni/game studio/Preproduction/Prototype 1/Project Lycanthrope/Project Lycanthrope/Project_Lycanthrope/Content/Variant_Combat/Blueprints/BPI_Damageable.uasset" 437
"D:/uni/game studio/Preproduction/Prototype 1/Project Lycanthrope/Project Lycanthrope/Project_Lycanthrope/Content/Variant_Combat/Blueprints/BPI_Damageable.uexp" 438
"D:/uni/game studio/Preproduction/Prototype 1/Project Lycanthrope/Project Lycanthrope/Project_Lycanthrope/Content/Variant_Combat/Blueprints/BPI_Attacker.uasset" 439
"D:/uni/game studio/Preproduction/Prototype 1/Project Lycanthrope/Project Lycanthrope/Project_Lycanthrope/Content/Variant_Combat/Blueprints/BPI_Attacker.uexp" 440
"D:/uni/game studio/Preproduction/Prototype 1/Project Lycanthrope/Project Lycanthrope/Project_Lycanthrope/Content/Variant_Combat/Anims/AN_AttackDamage.uasset" 441
"D:/uni/game studio/Preproduction/Prototype 1/Project Lycanthrope/Project Lycanthrope/Project_Lycanthrope/Content/Variant_Combat/Anims/AN_AttackDamage.uexp" 442
"D:/uni/game studio/Preproduction/Prototype 1/Project Lycanthrope/Project Lycanthrope/Project_Lycanthrope/Content/Variant_Combat/Anims/AN_AttackCombo.uasset" 443
"D:/uni/game studio/Preproduction/Prototype 1/Project Lycanthrope/Project Lycanthrope/Project_Lycanthrope/Content/Variant_Combat/Anims/AN_AttackCombo.uexp" 444
"../../../Engine/Plugins/Animation/ACLPlugin/Content/ACLAnimCurveCompressionSettings.uasset" 445
"../../../Engine/Plugins/Animation/ACLPlugin/Content/ACLAnimCurveCompressionSettings.uexp" 446
"../../../Engine/Content/Animation/DefaultVariableFrameStrippingSettings.uasset" 447
"../../../Engine/Content/Animation/DefaultVariableFrameStrippingSettings.uexp" 448
"../../../Engine/Content/Animation/DefaultRecorderBoneCompression.uasset" 449
"../../../Engine/Content/Animation/DefaultRecorderBoneCompression.uexp" 450
"D:/uni/game studio/Preproduction/Prototype 1/Project Lycanthrope/Project Lycanthrope/Project_Lycanthrope/Content/Characters/Mannequins/Anims/Unarmed/Attack/MM_Attack_03.uasset" 451
"D:/uni/game studio/Preproduction/Prototype 1/Project Lycanthrope/Project Lycanthrope/Project_Lycanthrope/Content/Characters/Mannequins/Anims/Unarmed/Attack/MM_Attack_03.uexp" 452
"D:/uni/game studio/Preproduction/Prototype 1/Project Lycanthrope/Project Lycanthrope/Project_Lycanthrope/Content/Characters/Mannequins/Anims/Unarmed/Attack/MM_Attack_02.uasset" 453
"D:/uni/game studio/Preproduction/Prototype 1/Project Lycanthrope/Project Lycanthrope/Project_Lycanthrope/Content/Characters/Mannequins/Anims/Unarmed/Attack/MM_Attack_02.uexp" 454
"D:/uni/game studio/Preproduction/Prototype 1/Project Lycanthrope/Project Lycanthrope/Project_Lycanthrope/Content/Characters/Mannequins/Anims/Unarmed/Attack/MM_Attack_01.uasset" 455
"D:/uni/game studio/Preproduction/Prototype 1/Project Lycanthrope/Project Lycanthrope/Project_Lycanthrope/Content/Characters/Mannequins/Anims/Unarmed/Attack/MM_Attack_01.uexp" 456
"D:/uni/game studio/Preproduction/Prototype 1/Project Lycanthrope/Project Lycanthrope/Project_Lycanthrope/Content/Variant_Combat/Anims/AM_ComboAttack.uasset" 457
"D:/uni/game studio/Preproduction/Prototype 1/Project Lycanthrope/Project Lycanthrope/Project_Lycanthrope/Content/Variant_Combat/Anims/AM_ComboAttack.uexp" 458
"D:/uni/game studio/Preproduction/Prototype 1/Project Lycanthrope/Project Lycanthrope/Project_Lycanthrope/Content/Variant_Combat/Anims/AN_ChargedAttack.uasset" 459
"D:/uni/game studio/Preproduction/Prototype 1/Project Lycanthrope/Project Lycanthrope/Project_Lycanthrope/Content/Variant_Combat/Anims/AN_ChargedAttack.uexp" 460
"D:/uni/game studio/Preproduction/Prototype 1/Project Lycanthrope/Project Lycanthrope/Project_Lycanthrope/Content/Characters/Mannequins/Anims/Unarmed/Attack/MM_ChargedAttack.uasset" 461
"D:/uni/game studio/Preproduction/Prototype 1/Project Lycanthrope/Project Lycanthrope/Project_Lycanthrope/Content/Characters/Mannequins/Anims/Unarmed/Attack/MM_ChargedAttack.uexp" 462
"D:/uni/game studio/Preproduction/Prototype 1/Project Lycanthrope/Project Lycanthrope/Project_Lycanthrope/Content/Variant_Combat/Anims/AM_ChargedAttack.uasset" 463
"D:/uni/game studio/Preproduction/Prototype 1/Project Lycanthrope/Project Lycanthrope/Project_Lycanthrope/Content/Variant_Combat/Anims/AM_ChargedAttack.uexp" 464
"../../../Engine/Plugins/Animation/ControlRig/Content/Controls/DefaultGizmoLibraryNormalized.uasset" 465
"../../../Engine/Plugins/Animation/ControlRig/Content/Controls/DefaultGizmoLibraryNormalized.uexp" 466
"D:/uni/game studio/Preproduction/Prototype 1/Project Lycanthrope/Project Lycanthrope/Project_Lycanthrope/Content/Characters/Mannequins/Rigs/CR_Mannequin_FootIK.uasset" 467
"D:/uni/game studio/Preproduction/Prototype 1/Project Lycanthrope/Project Lycanthrope/Project_Lycanthrope/Content/Characters/Mannequins/Rigs/CR_Mannequin_FootIK.uexp" 468
"../../../Engine/Content/Animation/DefaultAnimCurveCompressionSettings.uasset" 469
"../../../Engine/Content/Animation/DefaultAnimCurveCompressionSettings.uexp" 470
"../../../Engine/Content/Animation/DefaultAnimBoneCompressionSettings.uasset" 471
"../../../Engine/Content/Animation/DefaultAnimBoneCompressionSettings.uexp" 472
"D:/uni/game studio/Preproduction/Prototype 1/Project Lycanthrope/Project Lycanthrope/Project_Lycanthrope/Content/Characters/Mannequins/Anims/Unarmed/MM_Idle.uasset" 473
"D:/uni/game studio/Preproduction/Prototype 1/Project Lycanthrope/Project Lycanthrope/Project_Lycanthrope/Content/Characters/Mannequins/Anims/Unarmed/MM_Idle.uexp" 474
"D:/uni/game studio/Preproduction/Prototype 1/Project Lycanthrope/Project Lycanthrope/Project_Lycanthrope/Content/Characters/Mannequins/Anims/Unarmed/Walk/MF_Unarmed_Walk_Right.uasset" 475
"D:/uni/game studio/Preproduction/Prototype 1/Project Lycanthrope/Project Lycanthrope/Project_Lycanthrope/Content/Characters/Mannequins/Anims/Unarmed/Walk/MF_Unarmed_Walk_Right.uexp" 476
"D:/uni/game studio/Preproduction/Prototype 1/Project Lycanthrope/Project Lycanthrope/Project_Lycanthrope/Content/Characters/Mannequins/Anims/Unarmed/Walk/MF_Unarmed_Walk_Left.uasset" 477
"D:/uni/game studio/Preproduction/Prototype 1/Project Lycanthrope/Project Lycanthrope/Project_Lycanthrope/Content/Characters/Mannequins/Anims/Unarmed/Walk/MF_Unarmed_Walk_Left.uexp" 478
"D:/uni/game studio/Preproduction/Prototype 1/Project Lycanthrope/Project Lycanthrope/Project_Lycanthrope/Content/Characters/Mannequins/Anims/Unarmed/Walk/MF_Unarmed_Walk_Fwd_Right.uasset" 479
"D:/uni/game studio/Preproduction/Prototype 1/Project Lycanthrope/Project Lycanthrope/Project_Lycanthrope/Content/Characters/Mannequins/Anims/Unarmed/Walk/MF_Unarmed_Walk_Fwd_Right.uexp" 480
"D:/uni/game studio/Preproduction/Prototype 1/Project Lycanthrope/Project Lycanthrope/Project_Lycanthrope/Content/Characters/Mannequins/Anims/Unarmed/Walk/MF_Unarmed_Walk_Fwd_Left.uasset" 481
"D:/uni/game studio/Preproduction/Prototype 1/Project Lycanthrope/Project Lycanthrope/Project_Lycanthrope/Content/Characters/Mannequins/Anims/Unarmed/Walk/MF_Unarmed_Walk_Fwd_Left.uexp" 482
"D:/uni/game studio/Preproduction/Prototype 1/Project Lycanthrope/Project Lycanthrope/Project_Lycanthrope/Content/Characters/Mannequins/Anims/Unarmed/Walk/MF_Unarmed_Walk_Fwd.uasset" 483
"D:/uni/game studio/Preproduction/Prototype 1/Project Lycanthrope/Project Lycanthrope/Project_Lycanthrope/Content/Characters/Mannequins/Anims/Unarmed/Walk/MF_Unarmed_Walk_Fwd.uexp" 484
"D:/uni/game studio/Preproduction/Prototype 1/Project Lycanthrope/Project Lycanthrope/Project_Lycanthrope/Content/Characters/Mannequins/Anims/Unarmed/Walk/MF_Unarmed_Walk_Bwd_Right.uasset" 485
"D:/uni/game studio/Preproduction/Prototype 1/Project Lycanthrope/Project Lycanthrope/Project_Lycanthrope/Content/Characters/Mannequins/Anims/Unarmed/Walk/MF_Unarmed_Walk_Bwd_Right.uexp" 486
"D:/uni/game studio/Preproduction/Prototype 1/Project Lycanthrope/Project Lycanthrope/Project_Lycanthrope/Content/Characters/Mannequins/Anims/Unarmed/Walk/MF_Unarmed_Walk_Bwd_Left.uasset" 487
"D:/uni/game studio/Preproduction/Prototype 1/Project Lycanthrope/Project Lycanthrope/Project_Lycanthrope/Content/Characters/Mannequins/Anims/Unarmed/Walk/MF_Unarmed_Walk_Bwd_Left.uexp" 488
"D:/uni/game studio/Preproduction/Prototype 1/Project Lycanthrope/Project Lycanthrope/Project_Lycanthrope/Content/Characters/Mannequins/Anims/Unarmed/Walk/MF_Unarmed_Walk_Bwd.uasset" 489
"D:/uni/game studio/Preproduction/Prototype 1/Project Lycanthrope/Project Lycanthrope/Project_Lycanthrope/Content/Characters/Mannequins/Anims/Unarmed/Walk/MF_Unarmed_Walk_Bwd.uexp" 490
"D:/uni/game studio/Preproduction/Prototype 1/Project Lycanthrope/Project Lycanthrope/Project_Lycanthrope/Content/Characters/Mannequins/Anims/Unarmed/Jog/MF_Unarmed_Jog_Bwd.uasset" 491
"D:/uni/game studio/Preproduction/Prototype 1/Project Lycanthrope/Project Lycanthrope/Project_Lycanthrope/Content/Characters/Mannequins/Anims/Unarmed/Jog/MF_Unarmed_Jog_Bwd.uexp" 492
"D:/uni/game studio/Preproduction/Prototype 1/Project Lycanthrope/Project Lycanthrope/Project_Lycanthrope/Content/Characters/Mannequins/Anims/Unarmed/Jog/MF_Unarmed_Jog_Bwd_Left.uasset" 493
"D:/uni/game studio/Preproduction/Prototype 1/Project Lycanthrope/Project Lycanthrope/Project_Lycanthrope/Content/Characters/Mannequins/Anims/Unarmed/Jog/MF_Unarmed_Jog_Bwd_Left.uexp" 494
"D:/uni/game studio/Preproduction/Prototype 1/Project Lycanthrope/Project Lycanthrope/Project_Lycanthrope/Content/Characters/Mannequins/Anims/Unarmed/Jog/MF_Unarmed_Jog_Bwd_Right.uasset" 495
"D:/uni/game studio/Preproduction/Prototype 1/Project Lycanthrope/Project Lycanthrope/Project_Lycanthrope/Content/Characters/Mannequins/Anims/Unarmed/Jog/MF_Unarmed_Jog_Bwd_Right.uexp" 496
"D:/uni/game studio/Preproduction/Prototype 1/Project Lycanthrope/Project Lycanthrope/Project_Lycanthrope/Content/Characters/Mannequins/Anims/Unarmed/Jog/MF_Unarmed_Jog_Fwd.uasset" 497
"D:/uni/game studio/Preproduction/Prototype 1/Project Lycanthrope/Project Lycanthrope/Project_Lycanthrope/Content/Characters/Mannequins/Anims/Unarmed/Jog/MF_Unarmed_Jog_Fwd.uexp" 498
"D:/uni/game studio/Preproduction/Prototype 1/Project Lycanthrope/Project Lycanthrope/Project_Lycanthrope/Content/Characters/Mannequins/Anims/Unarmed/Jog/MF_Unarmed_Jog_Fwd_Left.uasset" 499
"D:/uni/game studio/Preproduction/Prototype 1/Project Lycanthrope/Project Lycanthrope/Project_Lycanthrope/Content/Characters/Mannequins/Anims/Unarmed/Jog/MF_Unarmed_Jog_Fwd_Left.uexp" 500
"D:/uni/game studio/Preproduction/Prototype 1/Project Lycanthrope/Project Lycanthrope/Project_Lycanthrope/Content/Characters/Mannequins/Anims/Unarmed/Jog/MF_Unarmed_Jog_Fwd_Right.uasset" 501
"D:/uni/game studio/Preproduction/Prototype 1/Project Lycanthrope/Project Lycanthrope/Project_Lycanthrope/Content/Characters/Mannequins/Anims/Unarmed/Jog/MF_Unarmed_Jog_Fwd_Right.uexp" 502
"D:/uni/game studio/Preproduction/Prototype 1/Project Lycanthrope/Project Lycanthrope/Project_Lycanthrope/Content/Characters/Mannequins/Anims/Unarmed/Jog/MF_Unarmed_Jog_Left.uasset" 503
"D:/uni/game studio/Preproduction/Prototype 1/Project Lycanthrope/Project Lycanthrope/Project_Lycanthrope/Content/Characters/Mannequins/Anims/Unarmed/Jog/MF_Unarmed_Jog_Left.uexp" 504
"D:/uni/game studio/Preproduction/Prototype 1/Project Lycanthrope/Project Lycanthrope/Project_Lycanthrope/Content/Characters/Mannequins/Anims/Unarmed/Jog/MF_Unarmed_Jog_Right.uasset" 505
"D:/uni/game studio/Preproduction/Prototype 1/Project Lycanthrope/Project Lycanthrope/Project_Lycanthrope/Content/Characters/Mannequins/Anims/Unarmed/Jog/MF_Unarmed_Jog_Right.uexp" 506
"D:/uni/game studio/Preproduction/Prototype 1/Project Lycanthrope/Project Lycanthrope/Project_Lycanthrope/Content/Characters/Mannequins/Anims/Unarmed/BS_Idle_Walk_Run.uasset" 507
"D:/uni/game studio/Preproduction/Prototype 1/Project Lycanthrope/Project Lycanthrope/Project_Lycanthrope/Content/Characters/Mannequins/Anims/Unarmed/BS_Idle_Walk_Run.uexp" 508
"D:/uni/game studio/Preproduction/Prototype 1/Project Lycanthrope/Project Lycanthrope/Project_Lycanthrope/Content/Characters/Mannequins/Anims/Unarmed/Jump/MM_Land.uasset" 509
"D:/uni/game studio/Preproduction/Prototype 1/Project Lycanthrope/Project Lycanthrope/Project_Lycanthrope/Content/Characters/Mannequins/Anims/Unarmed/Jump/MM_Land.uexp" 510
"D:/uni/game studio/Preproduction/Prototype 1/Project Lycanthrope/Project Lycanthrope/Project_Lycanthrope/Content/Characters/Mannequins/Anims/Unarmed/Jump/MM_Jump.uasset" 511
"D:/uni/game studio/Preproduction/Prototype 1/Project Lycanthrope/Project Lycanthrope/Project_Lycanthrope/Content/Characters/Mannequins/Anims/Unarmed/Jump/MM_Jump.uexp" 512
"D:/uni/game studio/Preproduction/Prototype 1/Project Lycanthrope/Project Lycanthrope/Project_Lycanthrope/Content/Characters/Mannequins/Anims/Unarmed/Jump/MM_Fall_Loop.uasset" 513
"D:/uni/game studio/Preproduction/Prototype 1/Project Lycanthrope/Project Lycanthrope/Project_Lycanthrope/Content/Characters/Mannequins/Anims/Unarmed/Jump/MM_Fall_Loop.uexp" 514
"D:/uni/game studio/Preproduction/Prototype 1/Project Lycanthrope/Project Lycanthrope/Project_Lycanthrope/Content/Variant_Combat/Anims/ABP_Manny_Combat.uasset" 515
"D:/uni/game studio/Preproduction/Prototype 1/Project Lycanthrope/Project Lycanthrope/Project_Lycanthrope/Content/Variant_Combat/Anims/ABP_Manny_Combat.uexp" 516
"D:/uni/game studio/Preproduction/Prototype 1/Project Lycanthrope/Project Lycanthrope/Project_Lycanthrope/Content/Variant_Combat/Blueprints/BP_CombatCharacter.uasset" 517
"D:/uni/game studio/Preproduction/Prototype 1/Project Lycanthrope/Project Lycanthrope/Project_Lycanthrope/Content/Variant_Combat/Blueprints/BP_CombatCharacter.uexp" 518
"D:/uni/game studio/Preproduction/Prototype 1/Project Lycanthrope/Project Lycanthrope/Project_Lycanthrope/Content/Variant_Combat/Blueprints/BP_CombatPlayerController.uasset" 519
"D:/uni/game studio/Preproduction/Prototype 1/Project Lycanthrope/Project Lycanthrope/Project_Lycanthrope/Content/Variant_Combat/Blueprints/BP_CombatPlayerController.uexp" 520
"D:/uni/game studio/Preproduction/Prototype 1/Project Lycanthrope/Project Lycanthrope/Project_Lycanthrope/Content/Variant_Combat/Blueprints/BP_CombatGameMode.uasset" 521
"D:/uni/game studio/Preproduction/Prototype 1/Project Lycanthrope/Project Lycanthrope/Project_Lycanthrope/Content/Variant_Combat/Blueprints/BP_CombatGameMode.uexp" 522
"../../../Engine/Content/Functions/Engine_MaterialFunctions01/Shading/PowerToRoughness.uasset" 523
"../../../Engine/Content/Functions/Engine_MaterialFunctions01/Shading/PowerToRoughness.uexp" 524
"../../../Engine/Content/Functions/Engine_MaterialFunctions01/Shading/ConvertFromDiffSpec.uasset" 525
"../../../Engine/Content/Functions/Engine_MaterialFunctions01/Shading/ConvertFromDiffSpec.uexp" 526
"../../../Engine/Content/Functions/Engine_MaterialFunctions01/Opacity/CameraDepthFade.uasset" 527
"../../../Engine/Content/Functions/Engine_MaterialFunctions01/Opacity/CameraDepthFade.uexp" 528
"../../../Engine/Content/EngineMaterials/T_Default_Material_Grid_M.ubulk" 529
"../../../Engine/Content/EngineMaterials/T_Default_Material_Grid_M.uasset" 530
"../../../Engine/Content/EngineMaterials/T_Default_Material_Grid_M.uexp" 531
"../../../Engine/Content/EngineMaterials/T_Default_Material_Grid_N.ubulk" 532
"../../../Engine/Content/EngineMaterials/T_Default_Material_Grid_N.uasset" 533
"../../../Engine/Content/EngineMaterials/T_Default_Material_Grid_N.uexp" 534
"../../../Engine/Content/EngineMaterials/WorldGridMaterial.uasset" 535
"../../../Engine/Content/EngineMaterials/WorldGridMaterial.uexp" 536
"../../../Engine/Content/ArtTools/RenderToTexture/Meshes/S_1_Unit_Plane.ubulk" 537
"../../../Engine/Content/ArtTools/RenderToTexture/Meshes/S_1_Unit_Plane.uasset" 538
"../../../Engine/Content/ArtTools/RenderToTexture/Meshes/S_1_Unit_Plane.uexp" 539
"../../../Engine/Content/VREditor/LaserPointer/VR_LaserPower_01.ubulk" 540
"../../../Engine/Content/VREditor/LaserPointer/VR_LaserPower_01.uasset" 541
"../../../Engine/Content/VREditor/LaserPointer/VR_LaserPower_01.uexp" 542
"../../../Engine/Content/VREditor/TransformGizmo/TransformGizmoMaterial.uasset" 543
"../../../Engine/Content/VREditor/TransformGizmo/TransformGizmoMaterial.uexp" 544
"../../../Engine/Content/VREditor/TransformGizmo/TranslucentTransformGizmoMaterial.uasset" 545
"../../../Engine/Content/VREditor/TransformGizmo/TranslucentTransformGizmoMaterial.uexp" 546
"../../../Engine/Content/VREditor/TransformGizmo/BoundingBoxCorner.ubulk" 547
"../../../Engine/Content/VREditor/TransformGizmo/BoundingBoxCorner.uasset" 548
"../../../Engine/Content/VREditor/TransformGizmo/BoundingBoxCorner.uexp" 549
"../../../Engine/Content/VREditor/TransformGizmo/BoundingBoxEdge.ubulk" 550
"../../../Engine/Content/VREditor/TransformGizmo/BoundingBoxEdge.uasset" 551
"../../../Engine/Content/VREditor/TransformGizmo/BoundingBoxEdge.uexp" 552
"../../../Engine/Content/VREditor/TransformGizmo/Xray.uasset" 553
"../../../Engine/Content/VREditor/TransformGizmo/Xray.uexp" 554
"../../../Engine/Content/VREditor/TransformGizmo/Main.uasset" 555
"../../../Engine/Content/VREditor/TransformGizmo/Main.uexp" 556
"../../../Engine/Content/VREditor/TransformGizmo/SM_Sequencer_Node.ubulk" 557
"../../../Engine/Content/VREditor/TransformGizmo/SM_Sequencer_Node.uasset" 558
"../../../Engine/Content/VREditor/TransformGizmo/SM_Sequencer_Node.uexp" 559
"../../../Engine/Content/EditorMaterials/Camera/CineMat.uasset" 560
"../../../Engine/Content/EditorMaterials/Camera/CineMat.uexp" 561
"../../../Engine/Content/EditorMaterials/Camera/MI_CineMat_Rig.uasset" 562
"../../../Engine/Content/EditorMaterials/Camera/MI_CineMat_Rig.uexp" 563
"../../../Engine/Content/EditorMeshes/Camera/SM_CraneRig_Arm.ubulk" 564
"../../../Engine/Content/EditorMeshes/Camera/SM_CraneRig_Arm.uasset" 565
"../../../Engine/Content/EditorMeshes/Camera/SM_CraneRig_Arm.uexp" 566
"../../../Engine/Content/EditorMeshes/Camera/SM_CraneRig_Base.ubulk" 567
"../../../Engine/Content/EditorMeshes/Camera/SM_CraneRig_Base.uasset" 568
"../../../Engine/Content/EditorMeshes/Camera/SM_CraneRig_Base.uexp" 569
"../../../Engine/Content/EditorMeshes/Camera/SM_CraneRig_Body.ubulk" 570
"../../../Engine/Content/EditorMeshes/Camera/SM_CraneRig_Body.uasset" 571
"../../../Engine/Content/EditorMeshes/Camera/SM_CraneRig_Body.uexp" 572
"../../../Engine/Content/EditorMeshes/Camera/SM_CraneRig_Mount.ubulk" 573
"../../../Engine/Content/EditorMeshes/Camera/SM_CraneRig_Mount.uasset" 574
"../../../Engine/Content/EditorMeshes/Camera/SM_CraneRig_Mount.uexp" 575
"../../../Engine/Content/EditorMeshes/Camera/SM_RailRig_Mount.ubulk" 576
"../../../Engine/Content/EditorMeshes/Camera/SM_RailRig_Mount.uasset" 577
"../../../Engine/Content/EditorMeshes/Camera/SM_RailRig_Mount.uexp" 578
"../../../Engine/Content/EditorMeshes/Camera/SM_RailRig_Track.ubulk" 579
"../../../Engine/Content/EditorMeshes/Camera/SM_RailRig_Track.uasset" 580
"../../../Engine/Content/EditorMeshes/Camera/SM_RailRig_Track.uexp" 581
"../../../Engine/Content/EngineMeshes/Sphere.ubulk" 582
"../../../Engine/Content/EngineMeshes/Sphere.uasset" 583
"../../../Engine/Content/EngineMeshes/Sphere.uexp" 584
"../../../Engine/Plugins/Animation/ControlRig/Content/Controls/ControlRig_Arrow2_1mm.ubulk" 585
"../../../Engine/Plugins/Animation/ControlRig/Content/Controls/ControlRig_Arrow2_1mm.uasset" 586
"../../../Engine/Plugins/Animation/ControlRig/Content/Controls/ControlRig_Arrow2_1mm.uexp" 587
"../../../Engine/Plugins/Animation/ControlRig/Content/Controls/ControlRig_Arrow2_3mm.ubulk" 588
"../../../Engine/Plugins/Animation/ControlRig/Content/Controls/ControlRig_Arrow2_3mm.uasset" 589
"../../../Engine/Plugins/Animation/ControlRig/Content/Controls/ControlRig_Arrow2_3mm.uexp" 590
"../../../Engine/Plugins/Animation/ControlRig/Content/Controls/ControlRig_Arrow2_solid.ubulk" 591
"../../../Engine/Plugins/Animation/ControlRig/Content/Controls/ControlRig_Arrow2_solid.uasset" 592
"../../../Engine/Plugins/Animation/ControlRig/Content/Controls/ControlRig_Arrow2_solid.uexp" 593
"../../../Engine/Plugins/Animation/ControlRig/Content/Controls/ControlRig_Arrow4_1mm.ubulk" 594
"../../../Engine/Plugins/Animation/ControlRig/Content/Controls/ControlRig_Arrow4_1mm.uasset" 595
"../../../Engine/Plugins/Animation/ControlRig/Content/Controls/ControlRig_Arrow4_1mm.uexp" 596
"../../../Engine/Plugins/Animation/ControlRig/Content/Controls/ControlRig_Arrow4_3mm.ubulk" 597
"../../../Engine/Plugins/Animation/ControlRig/Content/Controls/ControlRig_Arrow4_3mm.uasset" 598
"../../../Engine/Plugins/Animation/ControlRig/Content/Controls/ControlRig_Arrow4_3mm.uexp" 599
"../../../Engine/Plugins/Animation/ControlRig/Content/Controls/ControlRig_Arrow4_solid.ubulk" 600
"../../../Engine/Plugins/Animation/ControlRig/Content/Controls/ControlRig_Arrow4_solid.uasset" 601
"../../../Engine/Plugins/Animation/ControlRig/Content/Controls/ControlRig_Arrow4_solid.uexp" 602
"../../../Engine/Plugins/Animation/ControlRig/Content/Controls/ControlRig_Arrow_1mm.ubulk" 603
"../../../Engine/Plugins/Animation/ControlRig/Content/Controls/ControlRig_Arrow_1mm.uasset" 604
"../../../Engine/Plugins/Animation/ControlRig/Content/Controls/ControlRig_Arrow_1mm.uexp" 605
"../../../Engine/Plugins/Animation/ControlRig/Content/Controls/ControlRig_Arrow_3mm.ubulk" 606
"../../../Engine/Plugins/Animation/ControlRig/Content/Controls/ControlRig_Arrow_3mm.uasset" 607
"../../../Engine/Plugins/Animation/ControlRig/Content/Controls/ControlRig_Arrow_3mm.uexp" 608
"../../../Engine/Plugins/Animation/ControlRig/Content/Controls/ControlRig_Arrow_solid.ubulk" 609
"../../../Engine/Plugins/Animation/ControlRig/Content/Controls/ControlRig_Arrow_solid.uasset" 610
"../../../Engine/Plugins/Animation/ControlRig/Content/Controls/ControlRig_Arrow_solid.uexp" 611
"../../../Engine/Plugins/Animation/ControlRig/Content/Controls/ControlRig_Box_1mm.ubulk" 612
"../../../Engine/Plugins/Animation/ControlRig/Content/Controls/ControlRig_Box_1mm.uasset" 613
"../../../Engine/Plugins/Animation/ControlRig/Content/Controls/ControlRig_Box_1mm.uexp" 614
"../../../Engine/Plugins/Animation/ControlRig/Content/Controls/ControlRig_Box_3mm.ubulk" 615
"../../../Engine/Plugins/Animation/ControlRig/Content/Controls/ControlRig_Box_3mm.uasset" 616
"../../../Engine/Plugins/Animation/ControlRig/Content/Controls/ControlRig_Box_3mm.uexp" 617
"../../../Engine/Plugins/Animation/ControlRig/Content/Controls/ControlRig_Box_solid.ubulk" 618
"../../../Engine/Plugins/Animation/ControlRig/Content/Controls/ControlRig_Box_solid.uasset" 619
"../../../Engine/Plugins/Animation/ControlRig/Content/Controls/ControlRig_Box_solid.uexp" 620
"../../../Engine/Plugins/Animation/ControlRig/Content/Controls/ControlRig_Circle_1mm.ubulk" 621
"../../../Engine/Plugins/Animation/ControlRig/Content/Controls/ControlRig_Circle_1mm.uasset" 622
"../../../Engine/Plugins/Animation/ControlRig/Content/Controls/ControlRig_Circle_1mm.uexp" 623
"../../../Engine/Plugins/Animation/ControlRig/Content/Controls/ControlRig_Circle_3mm.ubulk" 624
"../../../Engine/Plugins/Animation/ControlRig/Content/Controls/ControlRig_Circle_3mm.uasset" 625
"../../../Engine/Plugins/Animation/ControlRig/Content/Controls/ControlRig_Circle_3mm.uexp" 626
"../../../Engine/Plugins/Animation/ControlRig/Content/Controls/ControlRig_Circle_solid.ubulk" 627
"../../../Engine/Plugins/Animation/ControlRig/Content/Controls/ControlRig_Circle_solid.uasset" 628
"../../../Engine/Plugins/Animation/ControlRig/Content/Controls/ControlRig_Circle_solid.uexp" 629
"../../../Engine/Plugins/Animation/ControlRig/Content/Controls/ControlRig_Diamond_1mm.ubulk" 630
"../../../Engine/Plugins/Animation/ControlRig/Content/Controls/ControlRig_Diamond_1mm.uasset" 631
"../../../Engine/Plugins/Animation/ControlRig/Content/Controls/ControlRig_Diamond_1mm.uexp" 632
"../../../Engine/Plugins/Animation/ControlRig/Content/Controls/ControlRig_Diamond_3mm.ubulk" 633
"../../../Engine/Plugins/Animation/ControlRig/Content/Controls/ControlRig_Diamond_3mm.uasset" 634
"../../../Engine/Plugins/Animation/ControlRig/Content/Controls/ControlRig_Diamond_3mm.uexp" 635
"../../../Engine/Plugins/Animation/ControlRig/Content/Controls/ControlRig_Diamond_solid.ubulk" 636
"../../../Engine/Plugins/Animation/ControlRig/Content/Controls/ControlRig_Diamond_solid.uasset" 637
"../../../Engine/Plugins/Animation/ControlRig/Content/Controls/ControlRig_Diamond_solid.uexp" 638
"../../../Engine/Plugins/Animation/ControlRig/Content/Controls/ControlRig_HalfCircle_1mm.ubulk" 639
"../../../Engine/Plugins/Animation/ControlRig/Content/Controls/ControlRig_HalfCircle_1mm.uasset" 640
"../../../Engine/Plugins/Animation/ControlRig/Content/Controls/ControlRig_HalfCircle_1mm.uexp" 641
"../../../Engine/Plugins/Animation/ControlRig/Content/Controls/ControlRig_HalfCircle_3mm.ubulk" 642
"../../../Engine/Plugins/Animation/ControlRig/Content/Controls/ControlRig_HalfCircle_3mm.uasset" 643
"../../../Engine/Plugins/Animation/ControlRig/Content/Controls/ControlRig_HalfCircle_3mm.uexp" 644
"../../../Engine/Plugins/Animation/ControlRig/Content/Controls/ControlRig_HalfCircle_solid.ubulk" 645
"../../../Engine/Plugins/Animation/ControlRig/Content/Controls/ControlRig_HalfCircle_solid.uasset" 646
"../../../Engine/Plugins/Animation/ControlRig/Content/Controls/ControlRig_HalfCircle_solid.uexp" 647
"../../../Engine/Plugins/Animation/ControlRig/Content/Controls/ControlRig_Hexagon_1mm.ubulk" 648
"../../../Engine/Plugins/Animation/ControlRig/Content/Controls/ControlRig_Hexagon_1mm.uasset" 649
"../../../Engine/Plugins/Animation/ControlRig/Content/Controls/ControlRig_Hexagon_1mm.uexp" 650
"../../../Engine/Plugins/Animation/ControlRig/Content/Controls/ControlRig_Hexagon_3mm.ubulk" 651
"../../../Engine/Plugins/Animation/ControlRig/Content/Controls/ControlRig_Hexagon_3mm.uasset" 652
"../../../Engine/Plugins/Animation/ControlRig/Content/Controls/ControlRig_Hexagon_3mm.uexp" 653
"../../../Engine/Plugins/Animation/ControlRig/Content/Controls/ControlRig_Hexagon_solid.ubulk" 654
"../../../Engine/Plugins/Animation/ControlRig/Content/Controls/ControlRig_Hexagon_solid.uasset" 655
"../../../Engine/Plugins/Animation/ControlRig/Content/Controls/ControlRig_Hexagon_solid.uexp" 656
"../../../Engine/Plugins/Animation/ControlRig/Content/Controls/ControlRig_Octagon_1mm.ubulk" 657
"../../../Engine/Plugins/Animation/ControlRig/Content/Controls/ControlRig_Octagon_1mm.uasset" 658
"../../../Engine/Plugins/Animation/ControlRig/Content/Controls/ControlRig_Octagon_1mm.uexp" 659
"../../../Engine/Plugins/Animation/ControlRig/Content/Controls/ControlRig_Octagon_3mm.ubulk" 660
"../../../Engine/Plugins/Animation/ControlRig/Content/Controls/ControlRig_Octagon_3mm.uasset" 661
"../../../Engine/Plugins/Animation/ControlRig/Content/Controls/ControlRig_Octagon_3mm.uexp" 662
"../../../Engine/Plugins/Animation/ControlRig/Content/Controls/ControlRig_Octagon_solid.ubulk" 663
"../../../Engine/Plugins/Animation/ControlRig/Content/Controls/ControlRig_Octagon_solid.uasset" 664
"../../../Engine/Plugins/Animation/ControlRig/Content/Controls/ControlRig_Octagon_solid.uexp" 665
"../../../Engine/Plugins/Animation/ControlRig/Content/Controls/ControlRig_Pyramid_1mm.ubulk" 666
"../../../Engine/Plugins/Animation/ControlRig/Content/Controls/ControlRig_Pyramid_1mm.uasset" 667
"../../../Engine/Plugins/Animation/ControlRig/Content/Controls/ControlRig_Pyramid_1mm.uexp" 668
"../../../Engine/Plugins/Animation/ControlRig/Content/Controls/ControlRig_Pyramid_3mm.ubulk" 669
"../../../Engine/Plugins/Animation/ControlRig/Content/Controls/ControlRig_Pyramid_3mm.uasset" 670
"../../../Engine/Plugins/Animation/ControlRig/Content/Controls/ControlRig_Pyramid_3mm.uexp" 671
"../../../Engine/Plugins/Animation/ControlRig/Content/Controls/ControlRig_Pyramid_solid.ubulk" 672
"../../../Engine/Plugins/Animation/ControlRig/Content/Controls/ControlRig_Pyramid_solid.uasset" 673
"../../../Engine/Plugins/Animation/ControlRig/Content/Controls/ControlRig_Pyramid_solid.uexp" 674
"../../../Engine/Plugins/Animation/ControlRig/Content/Controls/ControlRig_QuarterCircle_1mm.ubulk" 675
"../../../Engine/Plugins/Animation/ControlRig/Content/Controls/ControlRig_QuarterCircle_1mm.uasset" 676
"../../../Engine/Plugins/Animation/ControlRig/Content/Controls/ControlRig_QuarterCircle_1mm.uexp" 677
"../../../Engine/Plugins/Animation/ControlRig/Content/Controls/ControlRig_QuarterCircle_3mm.ubulk" 678
"../../../Engine/Plugins/Animation/ControlRig/Content/Controls/ControlRig_QuarterCircle_3mm.uasset" 679
"../../../Engine/Plugins/Animation/ControlRig/Content/Controls/ControlRig_QuarterCircle_3mm.uexp" 680
"../../../Engine/Plugins/Animation/ControlRig/Content/Controls/ControlRig_QuarterCircle_solid.ubulk" 681
"../../../Engine/Plugins/Animation/ControlRig/Content/Controls/ControlRig_QuarterCircle_solid.uasset" 682
"../../../Engine/Plugins/Animation/ControlRig/Content/Controls/ControlRig_QuarterCircle_solid.uexp" 683
"../../../Engine/Plugins/Animation/ControlRig/Content/Controls/ControlRig_RoundedSquare_1mm.ubulk" 684
"../../../Engine/Plugins/Animation/ControlRig/Content/Controls/ControlRig_RoundedSquare_1mm.uasset" 685
"../../../Engine/Plugins/Animation/ControlRig/Content/Controls/ControlRig_RoundedSquare_1mm.uexp" 686
"../../../Engine/Plugins/Animation/ControlRig/Content/Controls/ControlRig_RoundedSquare_3mm.ubulk" 687
"../../../Engine/Plugins/Animation/ControlRig/Content/Controls/ControlRig_RoundedSquare_3mm.uasset" 688
"../../../Engine/Plugins/Animation/ControlRig/Content/Controls/ControlRig_RoundedSquare_3mm.uexp" 689
"../../../Engine/Plugins/Animation/ControlRig/Content/Controls/ControlRig_RoundedSquare_solid.ubulk" 690
"../../../Engine/Plugins/Animation/ControlRig/Content/Controls/ControlRig_RoundedSquare_solid.uasset" 691
"../../../Engine/Plugins/Animation/ControlRig/Content/Controls/ControlRig_RoundedSquare_solid.uexp" 692
"../../../Engine/Plugins/Animation/ControlRig/Content/Controls/ControlRig_RoundedTriangle_1mm.ubulk" 693
"../../../Engine/Plugins/Animation/ControlRig/Content/Controls/ControlRig_RoundedTriangle_1mm.uasset" 694
"../../../Engine/Plugins/Animation/ControlRig/Content/Controls/ControlRig_RoundedTriangle_1mm.uexp" 695
"../../../Engine/Plugins/Animation/ControlRig/Content/Controls/ControlRig_RoundedTriangle_3mm.ubulk" 696
"../../../Engine/Plugins/Animation/ControlRig/Content/Controls/ControlRig_RoundedTriangle_3mm.uasset" 697
"../../../Engine/Plugins/Animation/ControlRig/Content/Controls/ControlRig_RoundedTriangle_3mm.uexp" 698
"../../../Engine/Plugins/Animation/ControlRig/Content/Controls/ControlRig_RoundedTriangle_solid.ubulk" 699
"../../../Engine/Plugins/Animation/ControlRig/Content/Controls/ControlRig_RoundedTriangle_solid.uasset" 700
"../../../Engine/Plugins/Animation/ControlRig/Content/Controls/ControlRig_RoundedTriangle_solid.uexp" 701
"../../../Engine/Plugins/Animation/ControlRig/Content/Controls/ControlRig_Sphere_1mm.ubulk" 702
"../../../Engine/Plugins/Animation/ControlRig/Content/Controls/ControlRig_Sphere_1mm.uasset" 703
"../../../Engine/Plugins/Animation/ControlRig/Content/Controls/ControlRig_Sphere_1mm.uexp" 704
"../../../Engine/Plugins/Animation/ControlRig/Content/Controls/ControlRig_Sphere_3mm.ubulk" 705
"../../../Engine/Plugins/Animation/ControlRig/Content/Controls/ControlRig_Sphere_3mm.uasset" 706
"../../../Engine/Plugins/Animation/ControlRig/Content/Controls/ControlRig_Sphere_3mm.uexp" 707
"../../../Engine/Plugins/Animation/ControlRig/Content/Controls/ControlRig_Sphere_solid.ubulk" 708
"../../../Engine/Plugins/Animation/ControlRig/Content/Controls/ControlRig_Sphere_solid.uasset" 709
"../../../Engine/Plugins/Animation/ControlRig/Content/Controls/ControlRig_Sphere_solid.uexp" 710
"../../../Engine/Plugins/Animation/ControlRig/Content/Controls/ControlRig_Square_1mm.ubulk" 711
"../../../Engine/Plugins/Animation/ControlRig/Content/Controls/ControlRig_Square_1mm.uasset" 712
"../../../Engine/Plugins/Animation/ControlRig/Content/Controls/ControlRig_Square_1mm.uexp" 713
"../../../Engine/Plugins/Animation/ControlRig/Content/Controls/ControlRig_Square_3mm.ubulk" 714
"../../../Engine/Plugins/Animation/ControlRig/Content/Controls/ControlRig_Square_3mm.uasset" 715
"../../../Engine/Plugins/Animation/ControlRig/Content/Controls/ControlRig_Square_3mm.uexp" 716
"../../../Engine/Plugins/Animation/ControlRig/Content/Controls/ControlRig_Square_solid.ubulk" 717
"../../../Engine/Plugins/Animation/ControlRig/Content/Controls/ControlRig_Square_solid.uasset" 718
"../../../Engine/Plugins/Animation/ControlRig/Content/Controls/ControlRig_Square_solid.uexp" 719
"../../../Engine/Plugins/Animation/ControlRig/Content/Controls/ControlRig_Star4_1mm.ubulk" 720
"../../../Engine/Plugins/Animation/ControlRig/Content/Controls/ControlRig_Star4_1mm.uasset" 721
"../../../Engine/Plugins/Animation/ControlRig/Content/Controls/ControlRig_Star4_1mm.uexp" 722
"../../../Engine/Plugins/Animation/ControlRig/Content/Controls/ControlRig_Star4_3mm.ubulk" 723
"../../../Engine/Plugins/Animation/ControlRig/Content/Controls/ControlRig_Star4_3mm.uasset" 724
"../../../Engine/Plugins/Animation/ControlRig/Content/Controls/ControlRig_Star4_3mm.uexp" 725
"../../../Engine/Plugins/Animation/ControlRig/Content/Controls/ControlRig_Star4_solid.ubulk" 726
"../../../Engine/Plugins/Animation/ControlRig/Content/Controls/ControlRig_Star4_solid.uasset" 727
"../../../Engine/Plugins/Animation/ControlRig/Content/Controls/ControlRig_Star4_solid.uexp" 728
"../../../Engine/Plugins/Animation/ControlRig/Content/Controls/ControlRig_Triangle_1mm.ubulk" 729
"../../../Engine/Plugins/Animation/ControlRig/Content/Controls/ControlRig_Triangle_1mm.uasset" 730
"../../../Engine/Plugins/Animation/ControlRig/Content/Controls/ControlRig_Triangle_1mm.uexp" 731
"../../../Engine/Plugins/Animation/ControlRig/Content/Controls/ControlRig_Triangle_3mm.ubulk" 732
"../../../Engine/Plugins/Animation/ControlRig/Content/Controls/ControlRig_Triangle_3mm.uasset" 733
"../../../Engine/Plugins/Animation/ControlRig/Content/Controls/ControlRig_Triangle_3mm.uexp" 734
"../../../Engine/Plugins/Animation/ControlRig/Content/Controls/ControlRig_Triangle_solid.ubulk" 735
"../../../Engine/Plugins/Animation/ControlRig/Content/Controls/ControlRig_Triangle_solid.uasset" 736
"../../../Engine/Plugins/Animation/ControlRig/Content/Controls/ControlRig_Triangle_solid.uexp" 737
"../../../Engine/Plugins/Animation/ControlRig/Content/Controls/ControlRig_Wedge_1mm.ubulk" 738
"../../../Engine/Plugins/Animation/ControlRig/Content/Controls/ControlRig_Wedge_1mm.uasset" 739
"../../../Engine/Plugins/Animation/ControlRig/Content/Controls/ControlRig_Wedge_1mm.uexp" 740
"../../../Engine/Plugins/Animation/ControlRig/Content/Controls/ControlRig_Wedge_3mm.ubulk" 741
"../../../Engine/Plugins/Animation/ControlRig/Content/Controls/ControlRig_Wedge_3mm.uasset" 742
"../../../Engine/Plugins/Animation/ControlRig/Content/Controls/ControlRig_Wedge_3mm.uexp" 743
"../../../Engine/Plugins/Animation/ControlRig/Content/Controls/ControlRig_Wedge_solid.ubulk" 744
"../../../Engine/Plugins/Animation/ControlRig/Content/Controls/ControlRig_Wedge_solid.uasset" 745
"../../../Engine/Plugins/Animation/ControlRig/Content/Controls/ControlRig_Wedge_solid.uexp" 746
"../../../Engine/Content/EditorLandscapeResources/SplineEditorMeshMat.uasset" 747
"../../../Engine/Content/EditorLandscapeResources/SplineEditorMeshMat.uexp" 748
"../../../Engine/Content/EditorLandscapeResources/SplineEditorMesh.ubulk" 749
"../../../Engine/Content/EditorLandscapeResources/SplineEditorMesh.uasset" 750
"../../../Engine/Content/EditorLandscapeResources/SplineEditorMesh.uexp" 751
"../../../Engine/Content/EngineMaterials/DefaultMaterial.uasset" 752
"../../../Engine/Content/EngineMaterials/DefaultMaterial.uexp" 753
"../../../Engine/Content/BasicShapes/Cone.ubulk" 754
"../../../Engine/Content/BasicShapes/Cone.uasset" 755
"../../../Engine/Content/BasicShapes/Cone.uexp" 756
"../../../Engine/Content/BasicShapes/Cylinder.ubulk" 757
"../../../Engine/Content/BasicShapes/Cylinder.uasset" 758
"../../../Engine/Content/BasicShapes/Cylinder.uexp" 759
"../../../Engine/Content/BasicShapes/Plane.ubulk" 760
"../../../Engine/Content/BasicShapes/Plane.uasset" 761
"../../../Engine/Content/BasicShapes/Plane.uexp" 762
"../../../Engine/Content/BasicShapes/Sphere.ubulk" 763
"../../../Engine/Content/BasicShapes/Sphere.uasset" 764
"../../../Engine/Content/BasicShapes/Sphere.uexp" 765
"../../../Engine/Plugins/Media/MediaPlate/Content/SM_MediaPlateScreen.ubulk" 766
"../../../Engine/Plugins/Media/MediaPlate/Content/SM_MediaPlateScreen.uasset" 767
"../../../Engine/Plugins/Media/MediaPlate/Content/SM_MediaPlateScreen.uexp" 768
"../../../Engine/Content/EngineResources/DefaultTextureCube.uasset" 769
"../../../Engine/Content/EngineResources/DefaultTextureCube.uexp" 770
"../../../Engine/Plugins/2D/Paper2D/Content/DefaultSpriteMaterial.uasset" 771
"../../../Engine/Plugins/2D/Paper2D/Content/DefaultSpriteMaterial.uexp" 772
"../../../Engine/Plugins/2D/Paper2D/Content/OpaqueUnlitSpriteMaterial.uasset" 773
"../../../Engine/Plugins/2D/Paper2D/Content/OpaqueUnlitSpriteMaterial.uexp" 774
"../../../Engine/Plugins/2D/Paper2D/Content/MaskedUnlitSpriteMaterial.uasset" 775
"../../../Engine/Plugins/2D/Paper2D/Content/MaskedUnlitSpriteMaterial.uexp" 776
"../../../Engine/Content/Functions/Engine_MaterialFunctions03/Math/WithinRangeFloat2.uasset" 777
"../../../Engine/Content/Functions/Engine_MaterialFunctions03/Math/WithinRangeFloat2.uexp" 778
"../../../Engine/Content/EditorLandscapeResources/SelectBrushMaterial.uasset" 779
"../../../Engine/Content/EditorLandscapeResources/SelectBrushMaterial.uexp" 780
"../../../Engine/Content/EditorLandscapeResources/SelectBrushMaterial_SelectedRegion.uasset" 781
"../../../Engine/Content/EditorLandscapeResources/SelectBrushMaterial_SelectedRegion.uexp" 782
"../../../Engine/Content/EditorLandscapeResources/SelectBrushMaterial_Selected.uasset" 783
"../../../Engine/Content/EditorLandscapeResources/SelectBrushMaterial_Selected.uexp" 784
"../../../Engine/Content/EditorLandscapeResources/MaskBrushMaterial.uasset" 785
"../../../Engine/Content/EditorLandscapeResources/MaskBrushMaterial.uexp" 786
"../../../Engine/Content/EditorLandscapeResources/MaskBrushMaterial_MaskedRegion.uasset" 787
"../../../Engine/Content/EditorLandscapeResources/MaskBrushMaterial_MaskedRegion.uexp" 788
"../../../Engine/Content/EditorLandscapeResources/ColorMaskBrushMaterial.uasset" 789
"../../../Engine/Content/EditorLandscapeResources/ColorMaskBrushMaterial.uexp" 790
"../../../Engine/Content/EditorLandscapeResources/ColorMaskBrushMaterial_MaskedRegion.uasset" 791
"../../../Engine/Content/EditorLandscapeResources/ColorMaskBrushMaterial_MaskedRegion.uexp" 792
"../../../Engine/Content/EngineResources/WhiteSquareTexture.uasset" 793
"../../../Engine/Content/EngineResources/WhiteSquareTexture.uexp" 794
"../../../Engine/Content/EngineMaterials/Widget3DPassThrough.uasset" 795
"../../../Engine/Content/EngineMaterials/Widget3DPassThrough.uexp" 796
"../../../Engine/Content/EngineMaterials/Widget3DPassThrough_Translucent.uasset" 797
"../../../Engine/Content/EngineMaterials/Widget3DPassThrough_Translucent.uexp" 798
"../../../Engine/Content/EngineMaterials/Widget3DPassThrough_Translucent_OneSided.uasset" 799
"../../../Engine/Content/EngineMaterials/Widget3DPassThrough_Translucent_OneSided.uexp" 800
"../../../Engine/Content/EngineMaterials/Widget3DPassThrough_Opaque.uasset" 801
"../../../Engine/Content/EngineMaterials/Widget3DPassThrough_Opaque.uexp" 802
"../../../Engine/Content/EngineMaterials/Widget3DPassThrough_Opaque_OneSided.uasset" 803
"../../../Engine/Content/EngineMaterials/Widget3DPassThrough_Opaque_OneSided.uexp" 804
"../../../Engine/Content/EngineMaterials/Widget3DPassThrough_Masked_OneSided.uasset" 805
"../../../Engine/Content/EngineMaterials/Widget3DPassThrough_Masked_OneSided.uexp" 806
"../../../Engine/Content/EngineMaterials/Widget3DPassThrough_Masked.uasset" 807
"../../../Engine/Content/EngineMaterials/Widget3DPassThrough_Masked.uexp" 808
"../../../Engine/Content/EngineMaterials/WeightMapPlaceholderTexture.uasset" 809
"../../../Engine/Content/EngineMaterials/WeightMapPlaceholderTexture.uexp" 810
"../../../Engine/Content/EngineMaterials/WeightMapArrayPlaceholderTexture.uasset" 811
"../../../Engine/Content/EngineMaterials/WeightMapArrayPlaceholderTexture.uexp" 812
"../../../Engine/Plugins/Interchange/Assets/Content/gltf/Textures/T_White_srgb.uasset" 813
"../../../Engine/Plugins/Interchange/Assets/Content/gltf/Textures/T_White_srgb.uexp" 814
"../../../Engine/Plugins/Interchange/Assets/Content/gltf/MaterialFunctions/MF_BaseColor.uasset" 815
"../../../Engine/Plugins/Interchange/Assets/Content/gltf/MaterialFunctions/MF_BaseColor.uexp" 816
"../../../Engine/Plugins/Interchange/Assets/Content/gltf/MaterialFunctions/MF_RotateV2.uasset" 817
"../../../Engine/Plugins/Interchange/Assets/Content/gltf/MaterialFunctions/MF_RotateV2.uexp" 818
"../../../Engine/Plugins/Interchange/Assets/Content/gltf/MaterialFunctions/MF_TransformUVs.uasset" 819
"../../../Engine/Plugins/Interchange/Assets/Content/gltf/MaterialFunctions/MF_TransformUVs.uexp" 820
"../../../Engine/Plugins/Interchange/Assets/Content/gltf/MaterialBodies/MF_Unlit_Body.uasset" 821
"../../../Engine/Plugins/Interchange/Assets/Content/gltf/MaterialBodies/MF_Unlit_Body.uexp" 822
"../../../Engine/Plugins/Interchange/Assets/Content/gltf/M_Unlit.uasset" 823
"../../../Engine/Plugins/Interchange/Assets/Content/gltf/M_Unlit.uexp" 824
"../../../Engine/Plugins/Interchange/Assets/Content/gltf/MaterialInstances/MI_Unlit_Opaque_DS.uasset" 825
"../../../Engine/Plugins/Interchange/Assets/Content/gltf/MaterialInstances/MI_Unlit_Opaque_DS.uexp" 826
"../../../Engine/Plugins/Interchange/Assets/Content/gltf/MaterialInstances/MI_Unlit_Opaque.uasset" 827
"../../../Engine/Plugins/Interchange/Assets/Content/gltf/MaterialInstances/MI_Unlit_Opaque.uexp" 828
"../../../Engine/Plugins/Interchange/Assets/Content/gltf/MaterialInstances/MI_Unlit_Mask_DS.uasset" 829
"../../../Engine/Plugins/Interchange/Assets/Content/gltf/MaterialInstances/MI_Unlit_Mask_DS.uexp" 830
"../../../Engine/Plugins/Interchange/Assets/Content/gltf/MaterialInstances/MI_Unlit_Mask.uasset" 831
"../../../Engine/Plugins/Interchange/Assets/Content/gltf/MaterialInstances/MI_Unlit_Mask.uexp" 832
"../../../Engine/Plugins/Interchange/Assets/Content/gltf/MaterialInstances/MI_Unlit_Blend_DS.uasset" 833
"../../../Engine/Plugins/Interchange/Assets/Content/gltf/MaterialInstances/MI_Unlit_Blend_DS.uexp" 834
"../../../Engine/Plugins/Interchange/Assets/Content/gltf/MaterialInstances/MI_Unlit_Blend.uasset" 835
"../../../Engine/Plugins/Interchange/Assets/Content/gltf/MaterialInstances/MI_Unlit_Blend.uexp" 836
"../../../Engine/Content/EngineMaterials/Good64x64TilingNoiseHighFreq.uasset" 837
"../../../Engine/Content/EngineMaterials/Good64x64TilingNoiseHighFreq.uexp" 838
"../../../Engine/Content/Functions/Engine_MaterialFunctions02/Texturing/ScreenAlignedPixelToPixelUVs.uasset" 839
"../../../Engine/Content/Functions/Engine_MaterialFunctions02/Texturing/ScreenAlignedPixelToPixelUVs.uexp" 840
"../../../Engine/Plugins/Interchange/Assets/Content/Utilities/New_LUT.uasset" 841
"../../../Engine/Plugins/Interchange/Assets/Content/Utilities/New_LUT.uexp" 842
"../../../Engine/Content/Functions/Engine_MaterialFunctions03/Math/RemapValueRange.uasset" 843
"../../../Engine/Content/Functions/Engine_MaterialFunctions03/Math/RemapValueRange.uexp" 844
"../../../Engine/Plugins/Interchange/Assets/Content/Functions/MF_Iridescence.uasset" 845
"../../../Engine/Plugins/Interchange/Assets/Content/Functions/MF_Iridescence.uexp" 846
"../../../Engine/Plugins/Interchange/Assets/Content/gltf/MaterialFunctions/MF_Fresnel_DS.uasset" 847
"../../../Engine/Plugins/Interchange/Assets/Content/gltf/MaterialFunctions/MF_Fresnel_DS.uexp" 848
"../../../Engine/Plugins/Interchange/Assets/Content/gltf/MaterialFunctions/MF_IOR.uasset" 849
"../../../Engine/Plugins/Interchange/Assets/Content/gltf/MaterialFunctions/MF_IOR.uexp" 850
"../../../Engine/Plugins/Interchange/Assets/Content/gltf/MaterialFunctions/MF_Iridescence.uasset" 851
"../../../Engine/Plugins/Interchange/Assets/Content/gltf/MaterialFunctions/MF_Iridescence.uexp" 852
"../../../Engine/Plugins/Interchange/Assets/Content/gltf/Textures/T_White_Linear.uasset" 853
"../../../Engine/Plugins/Interchange/Assets/Content/gltf/Textures/T_White_Linear.uexp" 854
"../../../Engine/Plugins/Interchange/Assets/Content/gltf/MaterialFunctions/MF_MetallicRoughness.uasset" 855
"../../../Engine/Plugins/Interchange/Assets/Content/gltf/MaterialFunctions/MF_MetallicRoughness.uexp" 856
"../../../Engine/Content/Functions/Engine_MaterialFunctions02/Math/Transform3x3Matrix.uasset" 857
"../../../Engine/Content/Functions/Engine_MaterialFunctions02/Math/Transform3x3Matrix.uexp" 858
"../../../Engine/Plugins/Interchange/Assets/Content/gltf/MaterialFunctions/MF_RotateNormals_TS.uasset" 859
"../../../Engine/Plugins/Interchange/Assets/Content/gltf/MaterialFunctions/MF_RotateNormals_TS.uexp" 860
"../../../Engine/Plugins/Interchange/Assets/Content/gltf/MaterialFunctions/MF_ScaleNormal.uasset" 861
"../../../Engine/Plugins/Interchange/Assets/Content/gltf/MaterialFunctions/MF_ScaleNormal.uexp" 862
"../../../Engine/Plugins/Interchange/Assets/Content/gltf/Textures/T_Generic_N.uasset" 863
"../../../Engine/Plugins/Interchange/Assets/Content/gltf/Textures/T_Generic_N.uexp" 864
"../../../Engine/Plugins/Interchange/Assets/Content/gltf/MaterialFunctions/MF_Normals.uasset" 865
"../../../Engine/Plugins/Interchange/Assets/Content/gltf/MaterialFunctions/MF_Normals.uexp" 866
"../../../Engine/Plugins/Interchange/Assets/Content/gltf/MaterialFunctions/MF_Occlusion.uasset" 867
"../../../Engine/Plugins/Interchange/Assets/Content/gltf/MaterialFunctions/MF_Occlusion.uexp" 868
"../../../Engine/Plugins/Interchange/Assets/Content/gltf/MaterialFunctions/MF_Specular.uasset" 869
"../../../Engine/Plugins/Interchange/Assets/Content/gltf/MaterialFunctions/MF_Specular.uexp" 870
"../../../Engine/Plugins/Interchange/Assets/Content/gltf/Textures/T_Anisotropy_Direction_Linear.uasset" 871
"../../../Engine/Plugins/Interchange/Assets/Content/gltf/Textures/T_Anisotropy_Direction_Linear.uexp" 872
"../../../Engine/Plugins/Interchange/Assets/Content/gltf/MaterialFunctions/MF_SpecularAnisotropy.uasset" 873
"../../../Engine/Plugins/Interchange/Assets/Content/gltf/MaterialFunctions/MF_SpecularAnisotropy.uexp" 874
"../../../Engine/Plugins/Interchange/Assets/Content/gltf/MaterialFunctions/MF_Temporal_Blur.uasset" 875
"../../../Engine/Plugins/Interchange/Assets/Content/gltf/MaterialFunctions/MF_Temporal_Blur.uexp" 876
"../../../Engine/Plugins/Interchange/Assets/Content/gltf/MaterialFunctions/MF_Transmission.uasset" 877
"../../../Engine/Plugins/Interchange/Assets/Content/gltf/MaterialFunctions/MF_Transmission.uexp" 878
"../../../Engine/Plugins/Interchange/Assets/Content/gltf/MaterialBodies/MF_Transmission_Body.uasset" 879
"../../../Engine/Plugins/Interchange/Assets/Content/gltf/MaterialBodies/MF_Transmission_Body.uexp" 880
"../../../Engine/Plugins/Interchange/Assets/Content/gltf/M_Transmission.uasset" 881
"../../../Engine/Plugins/Interchange/Assets/Content/gltf/M_Transmission.uexp" 882
"../../../Engine/Plugins/Interchange/Assets/Content/gltf/MaterialInstances/MI_Transmission_DS.uasset" 883
"../../../Engine/Plugins/Interchange/Assets/Content/gltf/MaterialInstances/MI_Transmission_DS.uexp" 884
"../../../Engine/Plugins/Interchange/Assets/Content/gltf/MaterialInstances/MI_Transmission.uasset" 885
"../../../Engine/Plugins/Interchange/Assets/Content/gltf/MaterialInstances/MI_Transmission.uexp" 886
"../../../Engine/Content/Functions/Engine_MaterialFunctions02/Math/AddComponents.uasset" 887
"../../../Engine/Content/Functions/Engine_MaterialFunctions02/Math/AddComponents.uexp" 888
"../../../Engine/Plugins/Interchange/Assets/Content/gltf/MaterialFunctions/MF_DiffuseSpecGloss.uasset" 889
"../../../Engine/Plugins/Interchange/Assets/Content/gltf/MaterialFunctions/MF_DiffuseSpecGloss.uexp" 890
"../../../Engine/Plugins/Interchange/Assets/Content/gltf/MaterialFunctions/MF_Emissive.uasset" 891
"../../../Engine/Plugins/Interchange/Assets/Content/gltf/MaterialFunctions/MF_Emissive.uexp" 892
"../../../Engine/Plugins/Interchange/Assets/Content/gltf/MaterialFunctions/MF_MaxComponentValue.uasset" 893
"../../../Engine/Plugins/Interchange/Assets/Content/gltf/MaterialFunctions/MF_MaxComponentValue.uexp" 894
"../../../Engine/Plugins/Interchange/Assets/Content/gltf/MaterialFunctions/MF_PerceivedBrightness.uasset" 895
"../../../Engine/Plugins/Interchange/Assets/Content/gltf/MaterialFunctions/MF_PerceivedBrightness.uexp" 896
"../../../Engine/Plugins/Interchange/Assets/Content/gltf/MaterialFunctions/MF_SpecGlossToMetalRoughness.uasset" 897
"../../../Engine/Plugins/Interchange/Assets/Content/gltf/MaterialFunctions/MF_SpecGlossToMetalRoughness.uexp" 898
"../../../Engine/Plugins/Interchange/Assets/Content/gltf/MaterialBodies/MF_SpecularGlossiness_Body.uasset" 899
"../../../Engine/Plugins/Interchange/Assets/Content/gltf/MaterialBodies/MF_SpecularGlossiness_Body.uexp" 900
"../../../Engine/Plugins/Interchange/Assets/Content/gltf/M_SpecularGlossiness.uasset" 901
"../../../Engine/Plugins/Interchange/Assets/Content/gltf/M_SpecularGlossiness.uexp" 902
"../../../Engine/Plugins/Interchange/Assets/Content/gltf/MaterialInstances/MI_SpecularGlossiness_Opaque_DS.uasset" 903
"../../../Engine/Plugins/Interchange/Assets/Content/gltf/MaterialInstances/MI_SpecularGlossiness_Opaque_DS.uexp" 904
"../../../Engine/Plugins/Interchange/Assets/Content/gltf/MaterialInstances/MI_SpecularGlossiness_Opaque.uasset" 905
"../../../Engine/Plugins/Interchange/Assets/Content/gltf/MaterialInstances/MI_SpecularGlossiness_Opaque.uexp" 906
"../../../Engine/Plugins/Interchange/Assets/Content/gltf/MaterialInstances/MI_SpecularGlossiness_Mask_DS.uasset" 907
"../../../Engine/Plugins/Interchange/Assets/Content/gltf/MaterialInstances/MI_SpecularGlossiness_Mask_DS.uexp" 908
"../../../Engine/Plugins/Interchange/Assets/Content/gltf/MaterialInstances/MI_SpecularGlossiness_Mask.uasset" 909
"../../../Engine/Plugins/Interchange/Assets/Content/gltf/MaterialInstances/MI_SpecularGlossiness_Mask.uexp" 910
"../../../Engine/Plugins/Interchange/Assets/Content/gltf/MaterialInstances/MI_SpecularGlossiness_Blend_DS.uasset" 911
"../../../Engine/Plugins/Interchange/Assets/Content/gltf/MaterialInstances/MI_SpecularGlossiness_Blend_DS.uexp" 912
"../../../Engine/Plugins/Interchange/Assets/Content/gltf/MaterialInstances/MI_SpecularGlossiness_Blend.uasset" 913
"../../../Engine/Plugins/Interchange/Assets/Content/gltf/MaterialInstances/MI_SpecularGlossiness_Blend.uexp" 914
"../../../Engine/Plugins/Interchange/Assets/Content/gltf/MaterialFunctions/MF_Sheen.uasset" 915
"../../../Engine/Plugins/Interchange/Assets/Content/gltf/MaterialFunctions/MF_Sheen.uexp" 916
"../../../Engine/Plugins/Interchange/Assets/Content/gltf/MaterialBodies/MF_Sheen_Body.uasset" 917
"../../../Engine/Plugins/Interchange/Assets/Content/gltf/MaterialBodies/MF_Sheen_Body.uexp" 918
"../../../Engine/Plugins/Interchange/Assets/Content/gltf/M_Sheen.uasset" 919
"../../../Engine/Plugins/Interchange/Assets/Content/gltf/M_Sheen.uexp" 920
"../../../Engine/Plugins/Interchange/Assets/Content/gltf/MaterialInstances/MI_Sheen_Opaque_DS.uasset" 921
"../../../Engine/Plugins/Interchange/Assets/Content/gltf/MaterialInstances/MI_Sheen_Opaque_DS.uexp" 922
"../../../Engine/Plugins/Interchange/Assets/Content/gltf/MaterialInstances/MI_Sheen_Opaque.uasset" 923
"../../../Engine/Plugins/Interchange/Assets/Content/gltf/MaterialInstances/MI_Sheen_Opaque.uexp" 924
"../../../Engine/Plugins/Interchange/Assets/Content/gltf/MaterialInstances/MI_Sheen_Mask_DS.uasset" 925
"../../../Engine/Plugins/Interchange/Assets/Content/gltf/MaterialInstances/MI_Sheen_Mask_DS.uexp" 926
"../../../Engine/Plugins/Interchange/Assets/Content/gltf/MaterialInstances/MI_Sheen_Mask.uasset" 927
"../../../Engine/Plugins/Interchange/Assets/Content/gltf/MaterialInstances/MI_Sheen_Mask.uexp" 928
"../../../Engine/Plugins/Interchange/Assets/Content/gltf/MaterialInstances/MI_Sheen_Blend_DS.uasset" 929
"../../../Engine/Plugins/Interchange/Assets/Content/gltf/MaterialInstances/MI_Sheen_Blend_DS.uexp" 930
"../../../Engine/Plugins/Interchange/Assets/Content/gltf/MaterialInstances/MI_Sheen_Blend.uasset" 931
"../../../Engine/Plugins/Interchange/Assets/Content/gltf/MaterialInstances/MI_Sheen_Blend.uexp" 932
"../../../Engine/Plugins/Interchange/Assets/Content/gltf/MaterialBodies/MF_Default_Body.uasset" 933
"../../../Engine/Plugins/Interchange/Assets/Content/gltf/MaterialBodies/MF_Default_Body.uexp" 934
"../../../Engine/Plugins/Interchange/Assets/Content/gltf/M_Default.uasset" 935
"../../../Engine/Plugins/Interchange/Assets/Content/gltf/M_Default.uexp" 936
"../../../Engine/Plugins/Interchange/Assets/Content/gltf/MaterialInstances/MI_Default_Opaque_DS.uasset" 937
"../../../Engine/Plugins/Interchange/Assets/Content/gltf/MaterialInstances/MI_Default_Opaque_DS.uexp" 938
"../../../Engine/Plugins/Interchange/Assets/Content/gltf/MaterialInstances/MI_Default_Opaque.uasset" 939
"../../../Engine/Plugins/Interchange/Assets/Content/gltf/MaterialInstances/MI_Default_Opaque.uexp" 940
"../../../Engine/Plugins/Interchange/Assets/Content/gltf/MaterialInstances/MI_Default_Mask_DS.uasset" 941
"../../../Engine/Plugins/Interchange/Assets/Content/gltf/MaterialInstances/MI_Default_Mask_DS.uexp" 942
"../../../Engine/Plugins/Interchange/Assets/Content/gltf/MaterialInstances/MI_Default_Mask.uasset" 943
"../../../Engine/Plugins/Interchange/Assets/Content/gltf/MaterialInstances/MI_Default_Mask.uexp" 944
"../../../Engine/Plugins/Interchange/Assets/Content/gltf/MaterialInstances/MI_Default_Blend_DS.uasset" 945
"../../../Engine/Plugins/Interchange/Assets/Content/gltf/MaterialInstances/MI_Default_Blend_DS.uexp" 946
"../../../Engine/Plugins/Interchange/Assets/Content/gltf/MaterialInstances/MI_Default_Blend.uasset" 947
"../../../Engine/Plugins/Interchange/Assets/Content/gltf/MaterialInstances/MI_Default_Blend.uexp" 948
"../../../Engine/Content/Functions/Engine_MaterialFunctions01/Texturing/FlattenNormal.uasset" 949
"../../../Engine/Content/Functions/Engine_MaterialFunctions01/Texturing/FlattenNormal.uexp" 950
"../../../Engine/Plugins/Interchange/Assets/Content/gltf/MaterialFunctions/MF_Clearcoat.uasset" 951
"../../../Engine/Plugins/Interchange/Assets/Content/gltf/MaterialFunctions/MF_Clearcoat.uexp" 952
"../../../Engine/Plugins/Interchange/Assets/Content/gltf/MaterialBodies/MF_ClearCoat_Body.uasset" 953
"../../../Engine/Plugins/Interchange/Assets/Content/gltf/MaterialBodies/MF_ClearCoat_Body.uexp" 954
"../../../Engine/Plugins/Interchange/Assets/Content/gltf/M_ClearCoat.uasset" 955
"../../../Engine/Plugins/Interchange/Assets/Content/gltf/M_ClearCoat.uexp" 956
"../../../Engine/Plugins/Interchange/Assets/Content/gltf/MaterialInstances/MI_ClearCoat_Opaque_DS.uasset" 957
"../../../Engine/Plugins/Interchange/Assets/Content/gltf/MaterialInstances/MI_ClearCoat_Opaque_DS.uexp" 958
"../../../Engine/Plugins/Interchange/Assets/Content/gltf/MaterialInstances/MI_ClearCoat_Opaque.uasset" 959
"../../../Engine/Plugins/Interchange/Assets/Content/gltf/MaterialInstances/MI_ClearCoat_Opaque.uexp" 960
"../../../Engine/Plugins/Interchange/Assets/Content/gltf/MaterialInstances/MI_ClearCoat_Mask_DS.uasset" 961
"../../../Engine/Plugins/Interchange/Assets/Content/gltf/MaterialInstances/MI_ClearCoat_Mask_DS.uexp" 962
"../../../Engine/Plugins/Interchange/Assets/Content/gltf/MaterialInstances/MI_ClearCoat_Mask.uasset" 963
"../../../Engine/Plugins/Interchange/Assets/Content/gltf/MaterialInstances/MI_ClearCoat_Mask.uexp" 964
"../../../Engine/Plugins/Interchange/Assets/Content/gltf/MaterialInstances/MI_ClearCoat_Blend_DS.uasset" 965
"../../../Engine/Plugins/Interchange/Assets/Content/gltf/MaterialInstances/MI_ClearCoat_Blend_DS.uexp" 966
"../../../Engine/Plugins/Interchange/Assets/Content/gltf/MaterialInstances/MI_ClearCoat_Blend.uasset" 967
"../../../Engine/Plugins/Interchange/Assets/Content/gltf/MaterialInstances/MI_ClearCoat_Blend.uexp" 968
"../../../Engine/Content/EngineMaterials/Substrate/Volume/SubstrateSimpleVolumeLUT3D.uasset" 969
"../../../Engine/Content/EngineMaterials/Substrate/Volume/SubstrateSimpleVolumeLUT3D.uexp" 970
"../../../Engine/Content/EngineMaterials/Substrate/Volume/SubstrateSimpleVolumeEnvLUT3D.uasset" 971
"../../../Engine/Content/EngineMaterials/Substrate/Volume/SubstrateSimpleVolumeEnvLUT3D.uexp" 972
"../../../Engine/Content/EngineMaterials/Substrate/Glints2/AGlintTex2dArray2.uasset" 973
"../../../Engine/Content/EngineMaterials/Substrate/Glints2/AGlintTex2dArray2.uexp" 974
"../../../Engine/Content/EngineMaterials/Substrate/GLints/AGlintTex2dArray.uasset" 975
"../../../Engine/Content/EngineMaterials/Substrate/GLints/AGlintTex2dArray.uexp" 976
"../../../Engine/Plugins/NNE/NNEDenoiser/Content/NNE_oidn2-3-0_rt_hdr_alb_nrm_small__dyn__fp16_opset11_DenoiseAlpha.uasset" 977
"../../../Engine/Plugins/NNE/NNEDenoiser/Content/NNE_oidn2-3-0_rt_hdr_alb_nrm_small__dyn__fp16_opset11_DenoiseAlpha.uexp" 978
"../../../Engine/Plugins/NNE/NNEDenoiser/Content/NNE_oidn2-3-0_rt_hdr_alb_nrm_small__dyn__fp16_opset11_ForwardAlpha.uasset" 979
"../../../Engine/Plugins/NNE/NNEDenoiser/Content/NNE_oidn2-3-0_rt_hdr_alb_nrm_small__dyn__fp16_opset11_ForwardAlpha.uexp" 980
"../../../Engine/Plugins/NNE/NNEDenoiser/Content/NNE_oidn2-3-0_rt_hdr_alb_nrm__dyn__fp16_opset11_DenoiseAlpha.uasset" 981
"../../../Engine/Plugins/NNE/NNEDenoiser/Content/NNE_oidn2-3-0_rt_hdr_alb_nrm__dyn__fp16_opset11_DenoiseAlpha.uexp" 982
"../../../Engine/Plugins/NNE/NNEDenoiser/Content/NNE_oidn2-3-0_rt_hdr_alb_nrm__dyn__fp16_opset11_ForwardAlpha.uasset" 983
"../../../Engine/Plugins/NNE/NNEDenoiser/Content/NNE_oidn2-3-0_rt_hdr_alb_nrm__dyn__fp16_opset11_ForwardAlpha.uexp" 984
"../../../Engine/Plugins/NNE/NNEDenoiser/Content/NNE_oidn2-3-0_rt_hdr_calb_cnrm_large__dyn__fp16_opset11_DenoiseAlpha.uasset" 985
"../../../Engine/Plugins/NNE/NNEDenoiser/Content/NNE_oidn2-3-0_rt_hdr_calb_cnrm_large__dyn__fp16_opset11_DenoiseAlpha.uexp" 986
"../../../Engine/Plugins/NNE/NNEDenoiser/Content/NNE_oidn2-3-0_rt_hdr_calb_cnrm_large__dyn__fp16_opset11_ForwardAlpha.uasset" 987
"../../../Engine/Plugins/NNE/NNEDenoiser/Content/NNE_oidn2-3-0_rt_hdr_calb_cnrm_large__dyn__fp16_opset11_ForwardAlpha.uexp" 988
"../../../Engine/Content/EngineResources/LandscapeVisibilityLayerInfo.uasset" 989
"../../../Engine/Content/EngineResources/LandscapeVisibilityLayerInfo.uexp" 990
"../../../Engine/Content/VREditor/Sounds/UI/Drop_Item_From_ContentBrowser.ubulk" 991
"../../../Engine/Content/VREditor/Sounds/UI/Drop_Item_From_ContentBrowser.uasset" 992
"../../../Engine/Content/VREditor/Sounds/UI/Drop_Item_From_ContentBrowser.uexp" 993
"../../../Engine/Content/VREditor/TransformGizmo/TransformGizmoMaterial_Inst.uasset" 994
"../../../Engine/Content/VREditor/TransformGizmo/TransformGizmoMaterial_Inst.uexp" 995
"../../../Engine/Content/VREditor/TransformGizmo/TranslucentTransformGizmoMaterial_Inst.uasset" 996
"../../../Engine/Content/VREditor/TransformGizmo/TranslucentTransformGizmoMaterial_Inst.uexp" 997
"../../../Engine/Content/Functions/Engine_MaterialFunctions02/SplitComponents.uasset" 998
"../../../Engine/Content/Functions/Engine_MaterialFunctions02/SplitComponents.uexp" 999
"../../../Engine/Content/VREditor/SnapGrid/SnapGridMaterial.uasset" 1000
"../../../Engine/Content/VREditor/SnapGrid/SnapGridMaterial.uexp" 1001
"../../../Engine/Content/VREditor/SnapGrid/SnapGridPlaneMesh.ubulk" 1002
"../../../Engine/Content/VREditor/SnapGrid/SnapGridPlaneMesh.uasset" 1003
"../../../Engine/Content/VREditor/SnapGrid/SnapGridPlaneMesh.uexp" 1004
"../../../Engine/Content/VREditor/Sounds/UI/Gizmo_Handle_Clicked.ubulk" 1005
"../../../Engine/Content/VREditor/Sounds/UI/Gizmo_Handle_Clicked.uasset" 1006
"../../../Engine/Content/VREditor/Sounds/UI/Gizmo_Handle_Clicked.uexp" 1007
"../../../Engine/Content/VREditor/Sounds/UI/Object_PickUp.ubulk" 1008
"../../../Engine/Content/VREditor/Sounds/UI/Object_PickUp.uasset" 1009
"../../../Engine/Content/VREditor/Sounds/UI/Object_PickUp.uexp" 1010
"../../../Engine/Content/VREditor/Sounds/UI/Object_Snaps_To_Another_Actor.ubulk" 1011
"../../../Engine/Content/VREditor/Sounds/UI/Object_Snaps_To_Another_Actor.uasset" 1012
"../../../Engine/Content/VREditor/Sounds/UI/Object_Snaps_To_Another_Actor.uexp" 1013
"../../../Engine/Content/VREditor/Sounds/UI/Object_Snaps_To_Grid.ubulk" 1014
"../../../Engine/Content/VREditor/Sounds/UI/Object_Snaps_To_Grid.uasset" 1015
"../../../Engine/Content/VREditor/Sounds/UI/Object_Snaps_To_Grid.uexp" 1016
"../../../Engine/Content/VREditor/Sounds/UI/Scaling_Down.ubulk" 1017
"../../../Engine/Content/VREditor/Sounds/UI/Scaling_Down.uasset" 1018
"../../../Engine/Content/VREditor/Sounds/UI/Scaling_Down.uexp" 1019
"../../../Engine/Content/VREditor/Sounds/UI/Scaling_Up.ubulk" 1020
"../../../Engine/Content/VREditor/Sounds/UI/Scaling_Up.uasset" 1021
"../../../Engine/Content/VREditor/Sounds/UI/Scaling_Up.uexp" 1022
"../../../Engine/Content/VREditor/Sounds/UI/Selection_Changes.ubulk" 1023
"../../../Engine/Content/VREditor/Sounds/UI/Selection_Changes.uasset" 1024
"../../../Engine/Content/VREditor/Sounds/UI/Selection_Changes.uexp" 1025
"../../../Engine/Content/VREditor/TransformGizmo/PlaneTranslationHandle.ubulk" 1026
"../../../Engine/Content/VREditor/TransformGizmo/PlaneTranslationHandle.uasset" 1027
"../../../Engine/Content/VREditor/TransformGizmo/PlaneTranslationHandle.uexp" 1028
"../../../Engine/Content/VREditor/TransformGizmo/RotationHandleFull.ubulk" 1029
"../../../Engine/Content/VREditor/TransformGizmo/RotationHandleFull.uasset" 1030
"../../../Engine/Content/VREditor/TransformGizmo/RotationHandleFull.uexp" 1031
"../../../Engine/Content/VREditor/TransformGizmo/RotationHandleIndicator.ubulk" 1032
"../../../Engine/Content/VREditor/TransformGizmo/RotationHandleIndicator.uasset" 1033
"../../../Engine/Content/VREditor/TransformGizmo/RotationHandleIndicator.uexp" 1034
"../../../Engine/Content/VREditor/TransformGizmo/RotationHandleQuarter.ubulk" 1035
"../../../Engine/Content/VREditor/TransformGizmo/RotationHandleQuarter.uasset" 1036
"../../../Engine/Content/VREditor/TransformGizmo/RotationHandleQuarter.uexp" 1037
"../../../Engine/Content/VREditor/TransformGizmo/StartRotationHandleIndicator.ubulk" 1038
"../../../Engine/Content/VREditor/TransformGizmo/StartRotationHandleIndicator.uasset" 1039
"../../../Engine/Content/VREditor/TransformGizmo/StartRotationHandleIndicator.uexp" 1040
"../../../Engine/Content/VREditor/TransformGizmo/TransformGizmoFreeRotation.ubulk" 1041
"../../../Engine/Content/VREditor/TransformGizmo/TransformGizmoFreeRotation.uasset" 1042
"../../../Engine/Content/VREditor/TransformGizmo/TransformGizmoFreeRotation.uexp" 1043
"../../../Engine/Content/VREditor/TransformGizmo/TranslateArrowHandle.ubulk" 1044
"../../../Engine/Content/VREditor/TransformGizmo/TranslateArrowHandle.uasset" 1045
"../../../Engine/Content/VREditor/TransformGizmo/TranslateArrowHandle.uexp" 1046
"../../../Engine/Content/VREditor/TransformGizmo/UniformScaleHandle.ubulk" 1047
"../../../Engine/Content/VREditor/TransformGizmo/UniformScaleHandle.uasset" 1048
"../../../Engine/Content/VREditor/TransformGizmo/UniformScaleHandle.uexp" 1049
"../../../Engine/Plugins/Animation/DeformerGraph/Content/DeformerFunctions/DG_Function_LinearBlendSkin_Morph_Cloth.uasset" 1050
"../../../Engine/Plugins/Animation/DeformerGraph/Content/DeformerFunctions/DG_Function_LinearBlendSkin_Morph_Cloth.uexp" 1051
"../../../Engine/Plugins/Animation/DeformerGraph/Content/Deformers/DG_LinearBlendSkin_Morph_Cloth.uasset" 1052
"../../../Engine/Plugins/Animation/DeformerGraph/Content/Deformers/DG_LinearBlendSkin_Morph_Cloth.uexp" 1053
"../../../Engine/Plugins/Animation/DeformerGraph/Content/DeformerFunctions/DG_Function_ComputeNormalsTangents.uasset" 1054
"../../../Engine/Plugins/Animation/DeformerGraph/Content/DeformerFunctions/DG_Function_ComputeNormalsTangents.uexp" 1055
"../../../Engine/Plugins/Animation/DeformerGraph/Content/DeformerFunctions/DG_Function_LinearBlendSkin_Morph_Cloth_PositionOnly.uasset" 1056
"../../../Engine/Plugins/Animation/DeformerGraph/Content/DeformerFunctions/DG_Function_LinearBlendSkin_Morph_Cloth_PositionOnly.uexp" 1057
"../../../Engine/Plugins/Animation/DeformerGraph/Content/Deformers/DG_LinearBlendSkin_Morph_Cloth_RecomputeNormals.uasset" 1058
"../../../Engine/Plugins/Animation/DeformerGraph/Content/Deformers/DG_LinearBlendSkin_Morph_Cloth_RecomputeNormals.uexp" 1059
"../../../Engine/Plugins/NNE/NNEDenoiser/Content/NNEDT_Oidn2-3_Balanced.uasset" 1060
"../../../Engine/Plugins/NNE/NNEDenoiser/Content/NNEDT_Oidn2-3_Balanced.uexp" 1061
"../../../Engine/Plugins/NNE/NNEDenoiser/Content/NNEDT_Oidn2-3_Balanced_Alpha.uasset" 1062
"../../../Engine/Plugins/NNE/NNEDenoiser/Content/NNEDT_Oidn2-3_Balanced_Alpha.uexp" 1063
"../../../Engine/Plugins/NNE/NNEDenoiser/Content/NNED_Oidn2-3_Balanced.uasset" 1064
"../../../Engine/Plugins/NNE/NNEDenoiser/Content/NNED_Oidn2-3_Balanced.uexp" 1065
"../../../Engine/Plugins/NNE/NNEDenoiser/Content/NNED_Oidn2-3_Balanced_Alpha.uasset" 1066
"../../../Engine/Plugins/NNE/NNEDenoiser/Content/NNED_Oidn2-3_Balanced_Alpha.uexp" 1067
"../../../Engine/Plugins/NNE/NNEDenoiser/Content/NNED_Oidn2-3_Fast.uasset" 1068
"../../../Engine/Plugins/NNE/NNEDenoiser/Content/NNED_Oidn2-3_Fast.uexp" 1069
"../../../Engine/Plugins/NNE/NNEDenoiser/Content/NNED_Oidn2-3_Fast_Alpha.uasset" 1070
"../../../Engine/Plugins/NNE/NNEDenoiser/Content/NNED_Oidn2-3_Fast_Alpha.uexp" 1071
"../../../Engine/Plugins/NNE/NNEDenoiser/Content/NNED_Oidn2-3_HighQuality.uasset" 1072
"../../../Engine/Plugins/NNE/NNEDenoiser/Content/NNED_Oidn2-3_HighQuality.uexp" 1073
"../../../Engine/Plugins/NNE/NNEDenoiser/Content/NNED_Oidn2-3_HighQuality_Alpha.uasset" 1074
"../../../Engine/Plugins/NNE/NNEDenoiser/Content/NNED_Oidn2-3_HighQuality_Alpha.uexp" 1075
"../../../Engine/Content/Maps/Entry_BuiltData.uasset" 1076
"../../../Engine/Content/Maps/Entry_BuiltData.uexp" 1077
"../../../Engine/Content/Maps/Entry.uexp" 1078
"../../../Engine/Content/Maps/Entry.umap" 1079
"../../../Engine/Content/BasicShapes/Cube.ubulk" 1080
"../../../Engine/Content/BasicShapes/Cube.uasset" 1081
"../../../Engine/Content/BasicShapes/Cube.uexp" 1082
"../../../Engine/Content/BasicShapes/BasicShapeMaterial.uasset" 1083
"../../../Engine/Content/BasicShapes/BasicShapeMaterial.uexp" 1084
"../../../Engine/Content/MapTemplates/SM_Template_Map_Floor.ubulk" 1085
"../../../Engine/Content/MapTemplates/SM_Template_Map_Floor.uasset" 1086
"../../../Engine/Content/MapTemplates/SM_Template_Map_Floor.uexp" 1087
"../../../Engine/Content/EngineSky/T_Sky_Stars.ubulk" 1088
"../../../Engine/Content/EngineSky/T_Sky_Stars.uasset" 1089
"../../../Engine/Content/EngineSky/T_Sky_Stars.uexp" 1090
"../../../Engine/Content/EngineSky/T_Sky_Clouds_M.ubulk" 1091
"../../../Engine/Content/EngineSky/T_Sky_Clouds_M.uasset" 1092
"../../../Engine/Content/EngineSky/T_Sky_Clouds_M.uexp" 1093
"../../../Engine/Content/EngineSky/T_Sky_Blue.ubulk" 1094
"../../../Engine/Content/EngineSky/T_Sky_Blue.uasset" 1095
"../../../Engine/Content/EngineSky/T_Sky_Blue.uexp" 1096
"../../../Engine/Content/EngineSky/M_Sky_Panning_Clouds2.uasset" 1097
"../../../Engine/Content/EngineSky/M_Sky_Panning_Clouds2.uexp" 1098
"../../../Engine/Content/EngineSky/SM_SkySphere.ubulk" 1099
"../../../Engine/Content/EngineSky/SM_SkySphere.uasset" 1100
"../../../Engine/Content/EngineSky/SM_SkySphere.uexp" 1101
"../../../Engine/Content/EngineSky/M_SimpleSkyDome.uasset" 1102
"../../../Engine/Content/EngineSky/M_SimpleSkyDome.uexp" 1103
"../../../Engine/Content/Functions/Engine_MaterialFunctions01/Lighting/BlinnPhongSpecular.uasset" 1104
"../../../Engine/Content/Functions/Engine_MaterialFunctions01/Lighting/BlinnPhongSpecular.uexp" 1105
"../../../Engine/Content/EditorMaterials/TransformGizmoMaterial_PseudoLitMasked.uasset" 1106
"../../../Engine/Content/EditorMaterials/TransformGizmoMaterial_PseudoLitMasked.uexp" 1107
"D:/uni/game studio/Preproduction/Prototype 1/Project Lycanthrope/Project Lycanthrope/Project_Lycanthrope/Content/Input/Actions/IA_Transform.uasset" 1108
"D:/uni/game studio/Preproduction/Prototype 1/Project Lycanthrope/Project Lycanthrope/Project_Lycanthrope/Content/Input/Actions/IA_Transform.uexp" 1109
"D:/uni/game studio/Preproduction/Prototype 1/Project Lycanthrope/Project Lycanthrope/Project_Lycanthrope/Content/Input/Actions/IA_Sprint.uasset" 1110
"D:/uni/game studio/Preproduction/Prototype 1/Project Lycanthrope/Project Lycanthrope/Project_Lycanthrope/Content/Input/Actions/IA_Sprint.uexp" 1111
"D:/uni/game studio/Preproduction/Prototype 1/Project Lycanthrope/Project Lycanthrope/Project_Lycanthrope/Content/Input/Actions/IA_Jump.uasset" 1112
"D:/uni/game studio/Preproduction/Prototype 1/Project Lycanthrope/Project Lycanthrope/Project_Lycanthrope/Content/Input/Actions/IA_Jump.uexp" 1113
"D:/uni/game studio/Preproduction/Prototype 1/Project Lycanthrope/Project Lycanthrope/Project_Lycanthrope/Content/Input/Actions/IA_Candle.uasset" 1114
"D:/uni/game studio/Preproduction/Prototype 1/Project Lycanthrope/Project Lycanthrope/Project_Lycanthrope/Content/Input/Actions/IA_Candle.uexp" 1115
"D:/uni/game studio/Preproduction/Prototype 1/Project Lycanthrope/Project Lycanthrope/Project_Lycanthrope/Content/Input/Actions/IA_Crouch.uasset" 1116
"D:/uni/game studio/Preproduction/Prototype 1/Project Lycanthrope/Project Lycanthrope/Project_Lycanthrope/Content/Input/Actions/IA_Crouch.uexp" 1117
"D:/uni/game studio/Preproduction/Prototype 1/Project Lycanthrope/Project Lycanthrope/Project_Lycanthrope/Content/Input/Actions/IA_interact.uasset" 1118
"D:/uni/game studio/Preproduction/Prototype 1/Project Lycanthrope/Project Lycanthrope/Project_Lycanthrope/Content/Input/Actions/IA_interact.uexp" 1119
"D:/uni/game studio/Preproduction/Prototype 1/Project Lycanthrope/Project Lycanthrope/Project_Lycanthrope/Content/Input/IMC_Default.uasset" 1120
"D:/uni/game studio/Preproduction/Prototype 1/Project Lycanthrope/Project Lycanthrope/Project_Lycanthrope/Content/Input/IMC_Default.uexp" 1121
"D:/uni/game studio/Preproduction/Prototype 1/Project Lycanthrope/Project Lycanthrope/Project_Lycanthrope/Content/Input/Touch/BPI_TouchInterface.uasset" 1122
"D:/uni/game studio/Preproduction/Prototype 1/Project Lycanthrope/Project Lycanthrope/Project_Lycanthrope/Content/Input/Touch/BPI_TouchInterface.uexp" 1123
"D:/uni/game studio/Preproduction/Prototype 1/Project Lycanthrope/Project Lycanthrope/Project_Lycanthrope/Content/Input/Touch/UI_TouchSimple.uasset" 1124
"D:/uni/game studio/Preproduction/Prototype 1/Project Lycanthrope/Project Lycanthrope/Project_Lycanthrope/Content/Input/Touch/UI_TouchSimple.uexp" 1125
"D:/uni/game studio/Preproduction/Prototype 1/Project Lycanthrope/Project Lycanthrope/Project_Lycanthrope/Content/ThirdPerson/Blueprints/BP_ThirdPersonPlayerController.uasset" 1126
"D:/uni/game studio/Preproduction/Prototype 1/Project Lycanthrope/Project Lycanthrope/Project_Lycanthrope/Content/ThirdPerson/Blueprints/BP_ThirdPersonPlayerController.uexp" 1127
"D:/uni/game studio/Preproduction/Prototype 1/Project Lycanthrope/Project Lycanthrope/Project_Lycanthrope/Content/Input/Actions/IA_Dev_Inputs_Menu.uasset" 1128
"D:/uni/game studio/Preproduction/Prototype 1/Project Lycanthrope/Project Lycanthrope/Project_Lycanthrope/Content/Input/Actions/IA_Dev_Inputs_Menu.uexp" 1129
"D:/uni/game studio/Preproduction/Prototype 1/Project Lycanthrope/Project Lycanthrope/Project_Lycanthrope/Content/Input/IMC_Dev_Inputs.uasset" 1130
"D:/uni/game studio/Preproduction/Prototype 1/Project Lycanthrope/Project Lycanthrope/Project_Lycanthrope/Content/Input/IMC_Dev_Inputs.uexp" 1131
"D:/uni/game studio/Preproduction/Prototype 1/Project Lycanthrope/Project Lycanthrope/Project_Lycanthrope/Content/Characters/Mannequins/Textures/Manny/T_Manny_02_MRA.ubulk" 1132
"D:/uni/game studio/Preproduction/Prototype 1/Project Lycanthrope/Project Lycanthrope/Project_Lycanthrope/Content/Characters/Mannequins/Textures/Manny/T_Manny_02_MRA.uasset" 1133
"D:/uni/game studio/Preproduction/Prototype 1/Project Lycanthrope/Project Lycanthrope/Project_Lycanthrope/Content/Characters/Mannequins/Textures/Manny/T_Manny_02_MRA.uexp" 1134
"D:/uni/game studio/Preproduction/Prototype 1/Project Lycanthrope/Project Lycanthrope/Project_Lycanthrope/Content/Characters/Mannequins/Textures/Manny/T_Manny_02_D.ubulk" 1135
"D:/uni/game studio/Preproduction/Prototype 1/Project Lycanthrope/Project Lycanthrope/Project_Lycanthrope/Content/Characters/Mannequins/Textures/Manny/T_Manny_02_D.uasset" 1136
"D:/uni/game studio/Preproduction/Prototype 1/Project Lycanthrope/Project Lycanthrope/Project_Lycanthrope/Content/Characters/Mannequins/Textures/Manny/T_Manny_02_D.uexp" 1137
"D:/uni/game studio/Preproduction/Prototype 1/Project Lycanthrope/Project Lycanthrope/Project_Lycanthrope/Content/Characters/Mannequins/Textures/Manny/T_Manny_02_BN.ubulk" 1138
"D:/uni/game studio/Preproduction/Prototype 1/Project Lycanthrope/Project Lycanthrope/Project_Lycanthrope/Content/Characters/Mannequins/Textures/Manny/T_Manny_02_BN.uasset" 1139
"D:/uni/game studio/Preproduction/Prototype 1/Project Lycanthrope/Project Lycanthrope/Project_Lycanthrope/Content/Characters/Mannequins/Textures/Manny/T_Manny_02_BN.uexp" 1140
"D:/uni/game studio/Preproduction/Prototype 1/Project Lycanthrope/Project Lycanthrope/Project_Lycanthrope/Content/Characters/Mannequins/Textures/Manny/T_Manny_01_MRA.ubulk" 1141
"D:/uni/game studio/Preproduction/Prototype 1/Project Lycanthrope/Project Lycanthrope/Project_Lycanthrope/Content/Characters/Mannequins/Textures/Manny/T_Manny_01_MRA.uasset" 1142
"D:/uni/game studio/Preproduction/Prototype 1/Project Lycanthrope/Project Lycanthrope/Project_Lycanthrope/Content/Characters/Mannequins/Textures/Manny/T_Manny_01_MRA.uexp" 1143
"D:/uni/game studio/Preproduction/Prototype 1/Project Lycanthrope/Project Lycanthrope/Project_Lycanthrope/Content/Characters/Mannequins/Textures/Manny/T_Manny_01_D.ubulk" 1144
"D:/uni/game studio/Preproduction/Prototype 1/Project Lycanthrope/Project Lycanthrope/Project_Lycanthrope/Content/Characters/Mannequins/Textures/Manny/T_Manny_01_D.uasset" 1145
"D:/uni/game studio/Preproduction/Prototype 1/Project Lycanthrope/Project Lycanthrope/Project_Lycanthrope/Content/Characters/Mannequins/Textures/Manny/T_Manny_01_D.uexp" 1146
"D:/uni/game studio/Preproduction/Prototype 1/Project Lycanthrope/Project Lycanthrope/Project_Lycanthrope/Content/Characters/Mannequins/Textures/Manny/T_Manny_01_BN.ubulk" 1147
"D:/uni/game studio/Preproduction/Prototype 1/Project Lycanthrope/Project Lycanthrope/Project_Lycanthrope/Content/Characters/Mannequins/Textures/Manny/T_Manny_01_BN.uasset" 1148
"D:/uni/game studio/Preproduction/Prototype 1/Project Lycanthrope/Project Lycanthrope/Project_Lycanthrope/Content/Characters/Mannequins/Textures/Manny/T_Manny_01_BN.uexp" 1149
"D:/uni/game studio/Preproduction/Prototype 1/Project Lycanthrope/Project Lycanthrope/Project_Lycanthrope/Content/Characters/Mannequins/Textures/Shared/T_UE_Logo_M.uasset" 1150
"D:/uni/game studio/Preproduction/Prototype 1/Project Lycanthrope/Project Lycanthrope/Project_Lycanthrope/Content/Characters/Mannequins/Textures/Shared/T_UE_Logo_M.uexp" 1151
"D:/uni/game studio/Preproduction/Prototype 1/Project Lycanthrope/Project Lycanthrope/Project_Lycanthrope/Content/Characters/Mannequins/Materials/M_Mannequin.uasset" 1152
"D:/uni/game studio/Preproduction/Prototype 1/Project Lycanthrope/Project Lycanthrope/Project_Lycanthrope/Content/Characters/Mannequins/Materials/M_Mannequin.uexp" 1153
"D:/uni/game studio/Preproduction/Prototype 1/Project Lycanthrope/Project Lycanthrope/Project_Lycanthrope/Content/Characters/Mannequins/Materials/Manny/MI_Manny_01_New.uasset" 1154
"D:/uni/game studio/Preproduction/Prototype 1/Project Lycanthrope/Project Lycanthrope/Project_Lycanthrope/Content/Characters/Mannequins/Materials/Manny/MI_Manny_01_New.uexp" 1155
"D:/uni/game studio/Preproduction/Prototype 1/Project Lycanthrope/Project Lycanthrope/Project_Lycanthrope/Content/Characters/Mannequins/Materials/Manny/MI_Manny_02_New.uasset" 1156
"D:/uni/game studio/Preproduction/Prototype 1/Project Lycanthrope/Project Lycanthrope/Project_Lycanthrope/Content/Characters/Mannequins/Materials/Manny/MI_Manny_02_New.uexp" 1157
"D:/uni/game studio/Preproduction/Prototype 1/Project Lycanthrope/Project Lycanthrope/Project_Lycanthrope/Content/Characters/Mannequins/Meshes/SKM_Manny_Simple.uasset" 1158
"D:/uni/game studio/Preproduction/Prototype 1/Project Lycanthrope/Project Lycanthrope/Project_Lycanthrope/Content/Characters/Mannequins/Meshes/SKM_Manny_Simple.uexp" 1159
"../../../Engine/Plugins/Animation/ACLPlugin/Content/ACLAnimBoneCompressionSettings.uasset" 1160
"../../../Engine/Plugins/Animation/ACLPlugin/Content/ACLAnimBoneCompressionSettings.uexp" 1161
"D:/uni/game studio/Preproduction/Prototype 1/Project Lycanthrope/Project Lycanthrope/Project_Lycanthrope/Content/Characters/Mannequins/Anims/Vault/Anim_Vault.uasset" 1162
"D:/uni/game studio/Preproduction/Prototype 1/Project Lycanthrope/Project Lycanthrope/Project_Lycanthrope/Content/Characters/Mannequins/Anims/Vault/Anim_Vault.uexp" 1163
"D:/uni/game studio/Preproduction/Prototype 1/Project Lycanthrope/Project Lycanthrope/Project_Lycanthrope/Content/Characters/Mannequins/Anims/Vault/Anim_Vault_Montage.uasset" 1164
"D:/uni/game studio/Preproduction/Prototype 1/Project Lycanthrope/Project Lycanthrope/Project_Lycanthrope/Content/Characters/Mannequins/Anims/Vault/Anim_Vault_Montage.uexp" 1165
"D:/uni/game studio/Preproduction/Prototype 1/Project Lycanthrope/Project Lycanthrope/Project_Lycanthrope/Content/Characters/Mannequins/Anims/Vault/Anim_GettingUp.uasset" 1166
"D:/uni/game studio/Preproduction/Prototype 1/Project Lycanthrope/Project Lycanthrope/Project_Lycanthrope/Content/Characters/Mannequins/Anims/Vault/Anim_GettingUp.uexp" 1167
"D:/uni/game studio/Preproduction/Prototype 1/Project Lycanthrope/Project Lycanthrope/Project_Lycanthrope/Content/Characters/Mannequins/Anims/Vault/Anim_GettingUp_Montage.uasset" 1168
"D:/uni/game studio/Preproduction/Prototype 1/Project Lycanthrope/Project Lycanthrope/Project_Lycanthrope/Content/Characters/Mannequins/Anims/Vault/Anim_GettingUp_Montage.uexp" 1169
"D:/uni/game studio/Preproduction/Prototype 1/Project Lycanthrope/Project Lycanthrope/Project_Lycanthrope/Content/Characters/Mannequins/Anims/Crouch/AS_Crouch_Idle_IPC.uasset" 1170
"D:/uni/game studio/Preproduction/Prototype 1/Project Lycanthrope/Project Lycanthrope/Project_Lycanthrope/Content/Characters/Mannequins/Anims/Crouch/AS_Crouch_Idle_IPC.uexp" 1171
"D:/uni/game studio/Preproduction/Prototype 1/Project Lycanthrope/Project Lycanthrope/Project_Lycanthrope/Content/Characters/Mannequins/Anims/Crouch/AS_CrouchWalk_F_IPC.uasset" 1172
"D:/uni/game studio/Preproduction/Prototype 1/Project Lycanthrope/Project Lycanthrope/Project_Lycanthrope/Content/Characters/Mannequins/Anims/Crouch/AS_CrouchWalk_F_IPC.uexp" 1173
"D:/uni/game studio/Preproduction/Prototype 1/Project Lycanthrope/Project Lycanthrope/Project_Lycanthrope/Content/Characters/Mannequins/Anims/Unarmed/ABP_Unarmed.uasset" 1174
"D:/uni/game studio/Preproduction/Prototype 1/Project Lycanthrope/Project Lycanthrope/Project_Lycanthrope/Content/Characters/Mannequins/Anims/Unarmed/ABP_Unarmed.uexp" 1175
"D:/uni/game studio/Preproduction/Prototype 1/Project Lycanthrope/Project Lycanthrope/Project_Lycanthrope/Content/Characters/Mannequins/Anims/Death/MM_Death_Front_01.uasset" 1176
"D:/uni/game studio/Preproduction/Prototype 1/Project Lycanthrope/Project Lycanthrope/Project_Lycanthrope/Content/Characters/Mannequins/Anims/Death/MM_Death_Front_01.uexp" 1177
"D:/uni/game studio/Preproduction/Prototype 1/Project Lycanthrope/Project Lycanthrope/Project_Lycanthrope/Content/Characters/Mannequins/Anims/Death/MM_Death_Back_01.uasset" 1178
"D:/uni/game studio/Preproduction/Prototype 1/Project Lycanthrope/Project Lycanthrope/Project_Lycanthrope/Content/Characters/Mannequins/Anims/Death/MM_Death_Back_01.uexp" 1179
"../../../Engine/Content/EngineFonts/Faces/RobotoTiny.uexp" 1180
"../../../Engine/Content/EngineFonts/Faces/RobotoTiny.uasset" 1181
"../../../Engine/Content/EngineFonts/Faces/RobotoTiny.ufont" 1182
"../../../Engine/Content/EngineFonts/RobotoTiny.uasset" 1183
"../../../Engine/Content/EngineFonts/RobotoTiny.uexp" 1184
"D:/uni/game studio/Preproduction/Prototype 1/Project Lycanthrope/Project Lycanthrope/Project_Lycanthrope/Content/HUD/DevUI/WB_DevInputUI_Closed.uasset" 1185
"D:/uni/game studio/Preproduction/Prototype 1/Project Lycanthrope/Project Lycanthrope/Project_Lycanthrope/Content/HUD/DevUI/WB_DevInputUI_Closed.uexp" 1186
"D:/uni/game studio/Preproduction/Prototype 1/Project Lycanthrope/Project Lycanthrope/Project_Lycanthrope/Content/HUD/DevUI/WB_DevInputUI_Open.uasset" 1187
"D:/uni/game studio/Preproduction/Prototype 1/Project Lycanthrope/Project Lycanthrope/Project_Lycanthrope/Content/HUD/DevUI/WB_DevInputUI_Open.uexp" 1188
"D:/uni/game studio/Preproduction/Prototype 1/Project Lycanthrope/Project Lycanthrope/Project_Lycanthrope/Content/Blueprints/Interface/BPI_Interaction.uasset" 1189
"D:/uni/game studio/Preproduction/Prototype 1/Project Lycanthrope/Project Lycanthrope/Project_Lycanthrope/Content/Blueprints/Interface/BPI_Interaction.uexp" 1190
"D:/uni/game studio/Preproduction/Prototype 1/Project Lycanthrope/Project Lycanthrope/Project_Lycanthrope/Content/ThirdPerson/Blueprints/BP_ThirdPersonCharacter.uasset" 1191
"D:/uni/game studio/Preproduction/Prototype 1/Project Lycanthrope/Project Lycanthrope/Project_Lycanthrope/Content/ThirdPerson/Blueprints/BP_ThirdPersonCharacter.uexp" 1192
"D:/uni/game studio/Preproduction/Prototype 1/Project Lycanthrope/Project Lycanthrope/Project_Lycanthrope/Content/ThirdPerson/Blueprints/BP_ThirdPersonGameMode.uasset" 1193
"D:/uni/game studio/Preproduction/Prototype 1/Project Lycanthrope/Project Lycanthrope/Project_Lycanthrope/Content/ThirdPerson/Blueprints/BP_ThirdPersonGameMode.uexp" 1194
"../../../Engine/Content/EngineSky/VolumetricClouds/VT_PerlinWorley_Balanced.uasset" 1195
"../../../Engine/Content/EngineSky/VolumetricClouds/VT_PerlinWorley_Balanced.uexp" 1196
"../../../Engine/Content/EngineSky/VolumetricClouds/T_Profile_08.ubulk" 1197
"../../../Engine/Content/EngineSky/VolumetricClouds/T_Profile_08.uasset" 1198
"../../../Engine/Content/EngineSky/VolumetricClouds/T_Profile_08.uexp" 1199
"../../../Engine/Content/EngineSky/VolumetricClouds/T_CloudPattern.ubulk" 1200
"../../../Engine/Content/EngineSky/VolumetricClouds/T_CloudPattern.uasset" 1201
"../../../Engine/Content/EngineSky/VolumetricClouds/T_CloudPattern.uexp" 1202
"../../../Engine/Content/EngineSky/VolumetricClouds/T_CloudMask.ubulk" 1203
"../../../Engine/Content/EngineSky/VolumetricClouds/T_CloudMask.uasset" 1204
"../../../Engine/Content/EngineSky/VolumetricClouds/T_CloudMask.uexp" 1205
"../../../Engine/Content/Functions/Engine_MaterialFunctions02/Utility/BreakOutFloat4Components.uasset" 1206
"../../../Engine/Content/Functions/Engine_MaterialFunctions02/Utility/BreakOutFloat4Components.uexp" 1207
"../../../Engine/Content/EngineResources/DefaultVolumeTexture2D.uasset" 1208
"../../../Engine/Content/EngineResources/DefaultVolumeTexture2D.uexp" 1209
"../../../Engine/Content/EngineResources/DefaultVolumeTexture.uasset" 1210
"../../../Engine/Content/EngineResources/DefaultVolumeTexture.uexp" 1211
"../../../Engine/Content/Functions/Engine_MaterialFunctions02/Utility/MakeFloat4.uasset" 1212
"../../../Engine/Content/Functions/Engine_MaterialFunctions02/Utility/MakeFloat4.uexp" 1213
"../../../Engine/Content/EngineSky/VolumetricClouds/VT_Lightning.uasset" 1214
"../../../Engine/Content/EngineSky/VolumetricClouds/VT_Lightning.uexp" 1215
"../../../Engine/Content/Functions/Engine_MaterialFunctions01/Units/Km-to-Cm.uasset" 1216
"../../../Engine/Content/Functions/Engine_MaterialFunctions01/Units/Km-to-Cm.uexp" 1217
"../../../Engine/Content/EngineSky/VolumetricClouds/m_SimpleVolumetricCloud.uasset" 1218
"../../../Engine/Content/EngineSky/VolumetricClouds/m_SimpleVolumetricCloud.uexp" 1219
"../../../Engine/Content/EngineSky/VolumetricClouds/m_SimpleVolumetricCloud_Inst.uasset" 1220
"../../../Engine/Content/EngineSky/VolumetricClouds/m_SimpleVolumetricCloud_Inst.uexp" 1221
"../../../Engine/Content/EngineMaterials/BlendFunc_DefBlend.uasset" 1222
"../../../Engine/Content/EngineMaterials/BlendFunc_DefBlend.uexp" 1223
"../../../Engine/Content/EngineMaterials/BlendFunc_DefBase.uasset" 1224
"../../../Engine/Content/EngineMaterials/BlendFunc_DefBase.uexp" 1225
"../../../Engine/Content/Functions/Engine_MaterialFunctions03/Blends/Blend_Overlay.uasset" 1226
"../../../Engine/Content/Functions/Engine_MaterialFunctions03/Blends/Blend_Overlay.uexp" 1227
"../../../Engine/Content/Functions/Engine_MaterialFunctions01/Gradient/LinearGradient.uasset" 1228
"../../../Engine/Content/Functions/Engine_MaterialFunctions01/Gradient/LinearGradient.uexp" 1229
"../../../Engine/Content/Functions/Engine_MaterialFunctions01/ImageAdjustment/CheapContrast.uasset" 1230
"../../../Engine/Content/Functions/Engine_MaterialFunctions01/ImageAdjustment/CheapContrast.uexp" 1231
"../../../Engine/Content/OpenWorldTemplate/LandscapeMaterial/T_GridChecker_A.ubulk" 1232
"../../../Engine/Content/OpenWorldTemplate/LandscapeMaterial/T_GridChecker_A.uasset" 1233
"../../../Engine/Content/OpenWorldTemplate/LandscapeMaterial/T_GridChecker_A.uexp" 1234
"../../../Engine/Content/OpenWorldTemplate/LandscapeMaterial/MF_ProcGrid.uasset" 1235
"../../../Engine/Content/OpenWorldTemplate/LandscapeMaterial/MF_ProcGrid.uexp" 1236
"../../../Engine/Content/OpenWorldTemplate/LandscapeMaterial/M_ProcGrid.uasset" 1237
"../../../Engine/Content/OpenWorldTemplate/LandscapeMaterial/M_ProcGrid.uexp" 1238
"../../../Engine/Content/OpenWorldTemplate/LandscapeMaterial/MI_ProcGrid.uasset" 1239
"../../../Engine/Content/OpenWorldTemplate/LandscapeMaterial/MI_ProcGrid.uexp" 1240
"../../../Engine/Content/MapTemplates/Materials/BasicAsset03.uasset" 1241
"../../../Engine/Content/MapTemplates/Materials/BasicAsset03.uexp" 1242
"../../../Engine/Content/VREditor/BasicMeshes/MI_Cube_01.uasset" 1243
"../../../Engine/Content/VREditor/BasicMeshes/MI_Cube_01.uexp" 1244
"../../../Engine/Content/VREditor/BasicMeshes/MI_Ball_01.uasset" 1245
"../../../Engine/Content/VREditor/BasicMeshes/MI_Ball_01.uexp" 1246
"D:/uni/game studio/Preproduction/Prototype 1/Project Lycanthrope/Project Lycanthrope/Project_Lycanthrope/Content/StarterContent/Props/SM_DoorFrame.ubulk" 1247
"D:/uni/game studio/Preproduction/Prototype 1/Project Lycanthrope/Project Lycanthrope/Project_Lycanthrope/Content/StarterContent/Props/SM_DoorFrame.uasset" 1248
"D:/uni/game studio/Preproduction/Prototype 1/Project Lycanthrope/Project Lycanthrope/Project_Lycanthrope/Content/StarterContent/Props/SM_DoorFrame.uexp" 1249
"D:/uni/game studio/Preproduction/Prototype 1/Project Lycanthrope/Project Lycanthrope/Project_Lycanthrope/Content/StarterContent/Props/SM_Door.ubulk" 1250
"D:/uni/game studio/Preproduction/Prototype 1/Project Lycanthrope/Project Lycanthrope/Project_Lycanthrope/Content/StarterContent/Props/SM_Door.uasset" 1251
"D:/uni/game studio/Preproduction/Prototype 1/Project Lycanthrope/Project Lycanthrope/Project_Lycanthrope/Content/StarterContent/Props/SM_Door.uexp" 1252
"D:/uni/game studio/Preproduction/Prototype 1/Project Lycanthrope/Project Lycanthrope/Project_Lycanthrope/Content/Blueprints/Enviroment/Door/BP_Door.uasset" 1253
"D:/uni/game studio/Preproduction/Prototype 1/Project Lycanthrope/Project Lycanthrope/Project_Lycanthrope/Content/Blueprints/Enviroment/Door/BP_Door.uexp" 1254
"D:/uni/game studio/Preproduction/Prototype 1/Project Lycanthrope/Project Lycanthrope/Project_Lycanthrope/Content/Audio/Songs/Demo_Song/Test_1_/SA_Prototype_Song.uasset" 1255
"D:/uni/game studio/Preproduction/Prototype 1/Project Lycanthrope/Project Lycanthrope/Project_Lycanthrope/Content/Audio/Songs/Demo_Song/Test_1_/SA_Prototype_Song.uexp" 1256
"D:/uni/game studio/Preproduction/Prototype 1/Project Lycanthrope/Project Lycanthrope/Project_Lycanthrope/Content/Audio/Songs/Demo_Song/Test_1_/SW_Prototype_Song_Test1.ubulk" 1257
"D:/uni/game studio/Preproduction/Prototype 1/Project Lycanthrope/Project Lycanthrope/Project_Lycanthrope/Content/Audio/Songs/Demo_Song/Test_1_/SW_Prototype_Song_Test1.uasset" 1258
"D:/uni/game studio/Preproduction/Prototype 1/Project Lycanthrope/Project Lycanthrope/Project_Lycanthrope/Content/Audio/Songs/Demo_Song/Test_1_/SW_Prototype_Song_Test1.uexp" 1259
"../../../Engine/Content/MapTemplates/Materials/BasicAsset01.uasset" 1260
"../../../Engine/Content/MapTemplates/Materials/BasicAsset01.uexp" 1261
"D:/uni/game studio/Preproduction/Prototype 1/Project Lycanthrope/Project Lycanthrope/Project_Lycanthrope/Content/Blueprints/Interactables/Assets/Icons/T_InnerSphere_Icon.uasset" 1262
"D:/uni/game studio/Preproduction/Prototype 1/Project Lycanthrope/Project Lycanthrope/Project_Lycanthrope/Content/Blueprints/Interactables/Assets/Icons/T_InnerSphere_Icon.uexp" 1263
"D:/uni/game studio/Preproduction/Prototype 1/Project Lycanthrope/Project Lycanthrope/Project_Lycanthrope/Content/Blueprints/Interactables/Assets/Icons/T_OuterSphere_Icon.uasset" 1264
"D:/uni/game studio/Preproduction/Prototype 1/Project Lycanthrope/Project Lycanthrope/Project_Lycanthrope/Content/Blueprints/Interactables/Assets/Icons/T_OuterSphere_Icon.uexp" 1265
"D:/uni/game studio/Preproduction/Prototype 1/Project Lycanthrope/Project Lycanthrope/Project_Lycanthrope/Content/Blueprints/Interactables/BaseItems/BP_BaseItem.uasset" 1266
"D:/uni/game studio/Preproduction/Prototype 1/Project Lycanthrope/Project Lycanthrope/Project_Lycanthrope/Content/Blueprints/Interactables/BaseItems/BP_BaseItem.uexp" 1267
"D:/uni/game studio/Preproduction/Prototype 1/Project Lycanthrope/Project Lycanthrope/Project_Lycanthrope/Content/Blueprints/Interactables/BaseItems/BP_Interactable_Demo_Item.uasset" 1268
"D:/uni/game studio/Preproduction/Prototype 1/Project Lycanthrope/Project Lycanthrope/Project_Lycanthrope/Content/Blueprints/Interactables/BaseItems/BP_Interactable_Demo_Item.uexp" 1269
"D:/uni/game studio/Preproduction/Prototype 1/Project Lycanthrope/Project Lycanthrope/Project_Lycanthrope/Content/Blueprints/Interactables/BaseItems/BP_InteractionIcon_Demo_Item.uasset" 1270
"D:/uni/game studio/Preproduction/Prototype 1/Project Lycanthrope/Project Lycanthrope/Project_Lycanthrope/Content/Blueprints/Interactables/BaseItems/BP_InteractionIcon_Demo_Item.uexp" 1271
"D:/uni/game studio/Preproduction/Prototype 1/Project Lycanthrope/Project Lycanthrope/Project_Lycanthrope/Content/LevelPrototyping/Levels/Dev_Level/LV_Dev.uexp" 1272
"D:/uni/game studio/Preproduction/Prototype 1/Project Lycanthrope/Project Lycanthrope/Project_Lycanthrope/Content/LevelPrototyping/Levels/Dev_Level/LV_Dev.umap" 1273
